<catalogue_data maxid="6">
  <item id="2">
    <attribute attr_id="0" attr_type="2" specialattr="1">
      <value id="0" val="&#1050;&#1072;&#1085;&#1072;&#1090; 3,6&#1057; &#1043;&#1054;&#1057;&#1058; 2172-80 L=595&#1084;&#1084;"></value>
    </attribute>
    <attribute attr_id="3" attr_type="1" specialattr="4">
      <value id="0" position="2"></value>
    </attribute>
    <attribute attr_id="5" attr_type="2">
      <value id="0" val="2"></value>
    </attribute>
  </item>
  <item id="3">
    <attribute attr_id="2" attr_type="2" specialattr="3">
      <value id="0" val="585-27-145"></value>
    </attribute>
    <attribute attr_id="0" attr_type="2" specialattr="1">
      <value id="0" val="&#1057;&#1090;&#1072;&#1082;&#1072;&#1085;"></value>
    </attribute>
    <attribute attr_id="6" attr_type="2">
      <value id="0" val="&#1057;&#1090;&#1072;&#1083;&#1100; &#1042;20"></value>
    </attribute>
    <attribute attr_id="3" attr_type="1" specialattr="4">
      <value id="0" position="3"></value>
    </attribute>
    <attribute attr_id="5" attr_type="2">
      <value id="0" val="2"></value>
    </attribute>
    <attribute attr_id="7" attr_type="2">
      <value id="0" val="0,024"></value>
    </attribute>
  </item>
  <item id="4">
    <attribute attr_id="2" attr_type="2" specialattr="3">
      <value id="0" val="585-27-164"></value>
    </attribute>
    <attribute attr_id="0" attr_type="2" specialattr="1">
      <value id="0" val="&#1042;&#1090;&#1091;&#1083;&#1082;&#1072;"></value>
    </attribute>
    <attribute attr_id="6" attr_type="2">
      <value id="0" val="&#1057;&#1090;&#1072;&#1083;&#1100; 20"></value>
    </attribute>
    <attribute attr_id="3" attr_type="1" specialattr="4">
      <value id="0" position="4"></value>
    </attribute>
    <attribute attr_id="5" attr_type="2">
      <value id="0" val="2"></value>
    </attribute>
    <attribute attr_id="7" attr_type="2">
      <value id="0" val="0,015"></value>
    </attribute>
  </item>
  <item id="5">
    <attribute attr_id="2" attr_type="2" specialattr="3">
      <value id="0" val="585-27-165"></value>
    </attribute>
    <attribute attr_id="0" attr_type="2" specialattr="1">
      <value id="0" val="&#1053;&#1072;&#1082;&#1086;&#1085;&#1077;&#1095;&#1085;&#1080;&#1082;"></value>
    </attribute>
    <attribute attr_id="6" attr_type="2">
      <value id="0" val="&#1057;&#1090;&#1072;&#1083;&#1100; 20"></value>
    </attribute>
    <attribute attr_id="3" attr_type="1" specialattr="4">
      <value id="0" position="1"></value>
    </attribute>
    <attribute attr_id="5" attr_type="2">
      <value id="0" val="2"></value>
    </attribute>
    <attribute attr_id="7" attr_type="2">
      <value id="0" val="0,004"></value>
    </attribute>
  </item>
</catalogue_data>
