<catalogue_structure id="0" printcards="0">
  <item id="5" name="&#1053;&#1072;&#1082;&#1086;&#1085;&#1077;&#1095;&#1085;&#1080;&#1082;" specprn="" speccode="585-27-165"></item>
  <item id="2" name="&#1050;&#1072;&#1085;&#1072;&#1090; 3,6&#1057; &#1043;&#1054;&#1057;&#1058; 2172-80 L=595&#1084;&#1084;" specprn="" speccode=""></item>
  <item id="3" name="&#1057;&#1090;&#1072;&#1082;&#1072;&#1085;" specprn="" speccode="585-27-145"></item>
  <item id="4" name="&#1042;&#1090;&#1091;&#1083;&#1082;&#1072;" specprn="" speccode="585-27-164"></item>
</catalogue_structure>
