<figure pic_file="688-27-&#1089;&#1073;201.rh">
  <product position="10" extposition="&#1064;&#1072;&#1081;&#1073;&#1072;10.01.121-1"></product>
  <product position="9" extposition="&#1041;&#1086;&#1083;&#1090; &#1052;10-6g&#1093;38-1"></product>
  <product position="19" extposition="688-27-&#1089;&#1073;309_&#1055;&#1086; &#1091;&#1084;&#1086;&#1083;&#1095;&#1072;&#1085;&#1080;&#1102;1-1"></product>
  <product position="13" extposition="688-27-&#1089;&#1073;312"></product>
  <product position="14" extposition="688-27-119_&#1055;&#1086; &#1091;&#1084;&#1086;&#1083;&#1095;&#1072;&#1085;&#1080;&#1102;2-1"></product>
  <product position="12" extposition="688-27-&#1089;&#1073;315-1"></product>
  <product position="2" extposition="701-212-619-1"></product>
  <product position="11" extposition="&#1064;&#1072;&#1081;&#1073;&#1072; 10&#1058;65&#1043;06  &#1043;&#1054;&#1057;&#1058; 6402-73-1"></product>
  <product position="1" extposition="688-27-&#1089;&#1073;309-11"></product>
  <product position="3" extposition="688-27-&#1089;&#1073;310_&#1055;&#1086; &#1091;&#1084;&#1086;&#1083;&#1095;&#1072;&#1085;&#1080;&#1102;1-1"></product>
  <product position="4" extposition="765-12-519_&#1055;&#1086; &#1091;&#1084;&#1086;&#1083;&#1095;&#1072;&#1085;&#1080;&#1102;3-1"></product>
  <product position="5" extposition="688-27-133-2"></product>
  <product position="6" extposition="688-27-134_&#1055;&#1086; &#1091;&#1084;&#1086;&#1083;&#1095;&#1072;&#1085;&#1080;&#1102;2-1"></product>
  <product position="5" extposition="688-27-133-1"></product>
  <product position="7" extposition="&#1064;&#1072;&#1081;&#1073;&#1072; 8T65&#1043;06 &#1043;&#1054;&#1057;&#1058; 6402-73-1"></product>
  <product position="8" extposition="&#1041;&#1086;&#1083;&#1090; &#1052;8-6gx43-1"></product>
  <product position="16" extposition="&#1064;&#1087;&#1083;&#1080;&#1085;&#1090; 2,5&#1093;16.0118 &#1043;&#1054;&#1057;&#1058; 397-79_&#1087;&#1086;&#1089;&#1090;&#1072;&#1074;&#1082;&#1072;2-1"></product>
  <product position="15" extposition="&#1064;&#1072;&#1081;&#1073;&#1072; 8.01.121-2"></product>
  <product position="18" extposition="688-27-129-1"></product>
  <product position="17" extposition="688-27-&#1089;&#1073;313"></product>
</figure>
