<?xml version="1.0" encoding="utf-8"?>
<objrule xmlns:xsi="http://www.w3.org/2001/XMLSchema-instance" xsi:noNamespaceSchemaLocation="tgb_dictionary.xsd">
  <objval valtype="single" val1="pc01">
    <langvalue lang="ru">Планер и самолетные системы</langvalue>
    <langvalue lang="en">Air frame</langvalue>
  </objval>
  <objval valtype="single" val1="pc02">
    <langvalue lang="ru">Двигатель</langvalue>
    <langvalue lang="en">Engine</langvalue>
  </objval>
  <objval valtype="single" val1="pc03">
    <langvalue lang="ru">Средства спасения</langvalue>
    <langvalue lang="en">Safety equipment</langvalue>
  </objval>
  <objval valtype="single" val1="pc04">
    <langvalue lang="ru">Авиационное вооружение</langvalue>
    <langvalue lang="en">Weapon</langvalue>
  </objval>
  <objval valtype="single" val1="pc05">
    <langvalue lang="ru">Электрооборудование</langvalue>
    <langvalue lang="en">Electrical</langvalue>
  </objval>
  <objval valtype="single" val1="pc06">
    <langvalue lang="ru">Авиационное оборудование</langvalue>
    <langvalue lang="en">Instrumental</langvalue>
  </objval>
  <objval valtype="single" val1="pc07">
    <langvalue lang="ru">Связное оборудование</langvalue>
    <langvalue lang="en">Radio</langvalue>
  </objval>
  <objval valtype="single" val1="pc08">
    <langvalue lang="ru">РЛСУ</langvalue>
    <langvalue lang="en">Radar</langvalue>
  </objval>
  <objval valtype="single" val1="pc09"></objval>
  <objval valtype="single" val1="pc10"></objval>
  <objval valtype="single" val1="pc11"></objval>
  <objval valtype="single" val1="pc12"></objval>
  <objval valtype="single" val1="pc13"></objval>
  <objval valtype="single" val1="pc14"></objval>
  <objval valtype="single" val1="pc15"></objval>
  <objval valtype="single" val1="pc16"></objval>
  <objval valtype="single" val1="pc17"></objval>
  <objval valtype="single" val1="pc18"></objval>
  <objval valtype="single" val1="pc19"></objval>
  <objval valtype="single" val1="pc20"></objval>
  <objval valtype="single" val1="pc21"></objval>
  <objval valtype="single" val1="pc22"></objval>
  <objval valtype="single" val1="pc23"></objval>
  <objval valtype="single" val1="pc24"></objval>
  <objval valtype="single" val1="pc25"></objval>
  <objval valtype="single" val1="pc26"></objval>
  <objval valtype="single" val1="pc27"></objval>
  <objval valtype="single" val1="pc28"></objval>
  <objval valtype="single" val1="pc29"></objval>
  <objval valtype="single" val1="pc30"></objval>
  <objval valtype="single" val1="pc31"></objval>
  <objval valtype="single" val1="pc32"></objval>
  <objval valtype="single" val1="pc33"></objval>
  <objval valtype="single" val1="pc34"></objval>
  <objval valtype="single" val1="pc35"></objval>
  <objval valtype="single" val1="pc36"></objval>
  <objval valtype="single" val1="pc37"></objval>
  <objval valtype="single" val1="pc37"></objval>
  <objval valtype="single" val1="pc39"></objval>
  <objval valtype="single" val1="pc40"></objval>
  <objval valtype="single" val1="pc41"></objval>
  <objval valtype="single" val1="pc42"></objval>
  <objval valtype="single" val1="pc43"></objval>
  <objval valtype="single" val1="pc44"></objval>
  <objval valtype="single" val1="pc45"></objval>
  <objval valtype="single" val1="pc46"></objval>
  <objval valtype="single" val1="pc47"></objval>
  <objval valtype="single" val1="pc48"></objval>
  <objval valtype="single" val1="pc49"></objval>
  <objval valtype="single" val1="pc50"></objval>
  <objval valtype="single" val1="pc51"></objval>
  <objval valtype="single" val1="pc52"></objval>
  <objval valtype="single" val1="pc53"></objval>
  <objval valtype="single" val1="pc54"></objval>
  <objval valtype="single" val1="pc55"></objval>
  <objval valtype="single" val1="pc56"></objval>
  <objval valtype="single" val1="pc57"></objval>
  <objval valtype="single" val1="pc58"></objval>
  <objval valtype="single" val1="pc59"></objval>
  <objval valtype="single" val1="pc60"></objval>
  <objval valtype="single" val1="pc61"></objval>
  <objval valtype="single" val1="pc62"></objval>
  <objval valtype="single" val1="pc63"></objval>
  <objval valtype="single" val1="pc64"></objval>
  <objval valtype="single" val1="pc65"></objval>
  <objval valtype="single" val1="pc66"></objval>
  <objval valtype="single" val1="pc67"></objval>
  <objval valtype="single" val1="pc68"></objval>
  <objval valtype="single" val1="pc69"></objval>
  <objval valtype="single" val1="pc70"></objval>
  <objval valtype="single" val1="pc71"></objval>
  <objval valtype="single" val1="pc72"></objval>
  <objval valtype="single" val1="pc73"></objval>
  <objval valtype="single" val1="pc74"></objval>
  <objval valtype="single" val1="pc75"></objval>
  <objval valtype="single" val1="pc76"></objval>
  <objval valtype="single" val1="pc77"></objval>
  <objval valtype="single" val1="pc78"></objval>
  <objval valtype="single" val1="pc79"></objval>
  <objval valtype="single" val1="pc80"></objval>
  <objval valtype="single" val1="pc81"></objval>
  <objval valtype="single" val1="pc82"></objval>
  <objval valtype="single" val1="pc83"></objval>
  <objval valtype="single" val1="pc84"></objval>
  <objval valtype="single" val1="pc85"></objval>
  <objval valtype="single" val1="pc86"></objval>
  <objval valtype="single" val1="pc87"></objval>
  <objval valtype="single" val1="pc88"></objval>
  <objval valtype="single" val1="pc89"></objval>
  <objval valtype="single" val1="pc90"></objval>
  <objval valtype="single" val1="pc91"></objval>
  <objval valtype="single" val1="pc92"></objval>
  <objval valtype="single" val1="pc93"></objval>
  <objval valtype="single" val1="pc94"></objval>
  <objval valtype="single" val1="pc95"></objval>
  <objval valtype="single" val1="pc96"></objval>
  <objval valtype="single" val1="pc97"></objval>
  <objval valtype="single" val1="pc98"></objval>
  <objval valtype="single" val1="pc99"></objval>
</objrule>
