<?xml version="1.0" encoding="utf-8"?>
<objrule xmlns:xsi="http://www.w3.org/2001/XMLSchema-instance" xsi:noNamespaceSchemaLocation="tgb_dictionary.xsd">
  <objval valtype="single" val1="sk01">
    <langvalue lang="ru">Базовый</langvalue>
    <langvalue lang="en">Basic</langvalue>
  </objval>
  <objval valtype="single" val1="sk02">
    <langvalue lang="ru">Средний</langvalue>
    <langvalue lang="en">Intermediate</langvalue>
  </objval>
  <objval valtype="single" val1="sk03">
    <langvalue lang="ru">Высокий</langvalue>
    <langvalue lang="en">Advanced</langvalue>
  </objval>
  <objval valtype="single" val1="sk51"></objval>
  <objval valtype="single" val1="sk52"></objval>
  <objval valtype="single" val1="sk53"></objval>
  <objval valtype="single" val1="sk54"></objval>
  <objval valtype="single" val1="sk55"></objval>
  <objval valtype="single" val1="sk56"></objval>
  <objval valtype="single" val1="sk57"></objval>
  <objval valtype="single" val1="sk58"></objval>
  <objval valtype="single" val1="sk59"></objval>
  <objval valtype="single" val1="sk60"></objval>
  <objval valtype="single" val1="sk61"></objval>
  <objval valtype="single" val1="sk62"></objval>
  <objval valtype="single" val1="sk63"></objval>
  <objval valtype="single" val1="sk64"></objval>
  <objval valtype="single" val1="sk65"></objval>
  <objval valtype="single" val1="sk66"></objval>
  <objval valtype="single" val1="sk67"></objval>
  <objval valtype="single" val1="sk68"></objval>
  <objval valtype="single" val1="sk69"></objval>
  <objval valtype="single" val1="sk70"></objval>
  <objval valtype="single" val1="sk71"></objval>
  <objval valtype="single" val1="sk72"></objval>
  <objval valtype="single" val1="sk73"></objval>
  <objval valtype="single" val1="sk74"></objval>
  <objval valtype="single" val1="sk75"></objval>
  <objval valtype="single" val1="sk76"></objval>
  <objval valtype="single" val1="sk77"></objval>
  <objval valtype="single" val1="sk78"></objval>
  <objval valtype="single" val1="sk79"></objval>
  <objval valtype="single" val1="sk80"></objval>
  <objval valtype="single" val1="sk81"></objval>
  <objval valtype="single" val1="sk82"></objval>
  <objval valtype="single" val1="sk83"></objval>
  <objval valtype="single" val1="sk84"></objval>
  <objval valtype="single" val1="sk85"></objval>
  <objval valtype="single" val1="sk86"></objval>
  <objval valtype="single" val1="sk87"></objval>
  <objval valtype="single" val1="sk88"></objval>
  <objval valtype="single" val1="sk89"></objval>
  <objval valtype="single" val1="sk90"></objval>
  <objval valtype="single" val1="sk91"></objval>
  <objval valtype="single" val1="sk92"></objval>
  <objval valtype="single" val1="sk93"></objval>
  <objval valtype="single" val1="sk94"></objval>
  <objval valtype="single" val1="sk95"></objval>
  <objval valtype="single" val1="sk96"></objval>
  <objval valtype="single" val1="sk97"></objval>
  <objval valtype="single" val1="sk98"></objval>
  <objval valtype="single" val1="sk99"></objval>
</objrule>
