<?xml version="1.0" encoding="utf-8"?>
<objrule xmlns:xsi="http://www.w3.org/2001/XMLSchema-instance" xsi:noNamespaceSchemaLocation="tgb_dictionary.xsd">
  <objval valtype="single" val1="tr01"></objval>
  <objval valtype="single" val1="tr02"></objval>
  <objval valtype="single" val1="tr03"></objval>
  <objval valtype="single" val1="tr04"></objval>
  <objval valtype="single" val1="tr05"></objval>
  <objval valtype="single" val1="tr06"></objval>
  <objval valtype="single" val1="tr07"></objval>
  <objval valtype="single" val1="tr08"></objval>
  <objval valtype="single" val1="tr09"></objval>
  <objval valtype="single" val1="tr10"></objval>
  <objval valtype="single" val1="tr11"></objval>
  <objval valtype="single" val1="tr12"></objval>
  <objval valtype="single" val1="tr13"></objval>
  <objval valtype="single" val1="tr14"></objval>
  <objval valtype="single" val1="tr15"></objval>
  <objval valtype="single" val1="tr16"></objval>
  <objval valtype="single" val1="tr17"></objval>
  <objval valtype="single" val1="tr18"></objval>
  <objval valtype="single" val1="tr19"></objval>
  <objval valtype="single" val1="tr20"></objval>
  <objval valtype="single" val1="tr21"></objval>
  <objval valtype="single" val1="tr22"></objval>
  <objval valtype="single" val1="tr23"></objval>
  <objval valtype="single" val1="tr24"></objval>
  <objval valtype="single" val1="tr25"></objval>
  <objval valtype="single" val1="tr26"></objval>
  <objval valtype="single" val1="tr27"></objval>
  <objval valtype="single" val1="tr28"></objval>
  <objval valtype="single" val1="tr29"></objval>
  <objval valtype="single" val1="tr30"></objval>
  <objval valtype="single" val1="tr31"></objval>
  <objval valtype="single" val1="tr32"></objval>
  <objval valtype="single" val1="tr33"></objval>
  <objval valtype="single" val1="tr34"></objval>
  <objval valtype="single" val1="tr35"></objval>
  <objval valtype="single" val1="tr36"></objval>
  <objval valtype="single" val1="tr37"></objval>
  <objval valtype="single" val1="tr37"></objval>
  <objval valtype="single" val1="tr39"></objval>
  <objval valtype="single" val1="tr40"></objval>
  <objval valtype="single" val1="tr41"></objval>
  <objval valtype="single" val1="tr42"></objval>
  <objval valtype="single" val1="tr43"></objval>
  <objval valtype="single" val1="tr44"></objval>
  <objval valtype="single" val1="tr45"></objval>
  <objval valtype="single" val1="tr46"></objval>
  <objval valtype="single" val1="tr47"></objval>
  <objval valtype="single" val1="tr48"></objval>
  <objval valtype="single" val1="tr49"></objval>
  <objval valtype="single" val1="tr50"></objval>
  <objval valtype="single" val1="tr51"></objval>
  <objval valtype="single" val1="tr52"></objval>
  <objval valtype="single" val1="tr53"></objval>
  <objval valtype="single" val1="tr54"></objval>
  <objval valtype="single" val1="tr55"></objval>
  <objval valtype="single" val1="tr56"></objval>
  <objval valtype="single" val1="tr57"></objval>
  <objval valtype="single" val1="tr58"></objval>
  <objval valtype="single" val1="tr59"></objval>
  <objval valtype="single" val1="tr60"></objval>
  <objval valtype="single" val1="tr61"></objval>
  <objval valtype="single" val1="tr62"></objval>
  <objval valtype="single" val1="tr63"></objval>
  <objval valtype="single" val1="tr64"></objval>
  <objval valtype="single" val1="tr65"></objval>
  <objval valtype="single" val1="tr66"></objval>
  <objval valtype="single" val1="tr67"></objval>
  <objval valtype="single" val1="tr68"></objval>
  <objval valtype="single" val1="tr69"></objval>
  <objval valtype="single" val1="tr70"></objval>
  <objval valtype="single" val1="tr71"></objval>
  <objval valtype="single" val1="tr72"></objval>
  <objval valtype="single" val1="tr73"></objval>
  <objval valtype="single" val1="tr74"></objval>
  <objval valtype="single" val1="tr75"></objval>
  <objval valtype="single" val1="tr76"></objval>
  <objval valtype="single" val1="tr77"></objval>
  <objval valtype="single" val1="tr78"></objval>
  <objval valtype="single" val1="tr79"></objval>
  <objval valtype="single" val1="tr80"></objval>
  <objval valtype="single" val1="tr81"></objval>
  <objval valtype="single" val1="tr82"></objval>
  <objval valtype="single" val1="tr83"></objval>
  <objval valtype="single" val1="tr84"></objval>
  <objval valtype="single" val1="tr85"></objval>
  <objval valtype="single" val1="tr86"></objval>
  <objval valtype="single" val1="tr87"></objval>
  <objval valtype="single" val1="tr88"></objval>
  <objval valtype="single" val1="tr89"></objval>
  <objval valtype="single" val1="tr90"></objval>
  <objval valtype="single" val1="tr91"></objval>
  <objval valtype="single" val1="tr92"></objval>
  <objval valtype="single" val1="tr93"></objval>
  <objval valtype="single" val1="tr94"></objval>
  <objval valtype="single" val1="tr95"></objval>
  <objval valtype="single" val1="tr96"></objval>
  <objval valtype="single" val1="tr97"></objval>
  <objval valtype="single" val1="tr98"></objval>
  <objval valtype="single" val1="tr99"></objval>
</objrule>
