<struct maxid="194">
  <element id="0" type="0" elementname="manual" name="&#1069;&#1083;&#1077;&#1082;&#1090;&#1088;&#1086;&#1085;&#1085;&#1086;&#1077; &#1088;&#1091;&#1082;&#1086;&#1074;&#1086;&#1076;&#1089;&#1090;&#1074;&#1086;">
    <elementref id="19" elementname="vvedenie" indicator="?"></elementref>
    <elementref id="14" elementname="ruk_ekspl" indicator="*"></elementref>
    <elementref id="126" elementname="instrukciya_po_montagu" indicator="*"></elementref>
    <elementref id="139" elementname="KDS" indicator="*"></elementref>
    <elementref id="150" elementname="nzch" indicator="*"></elementref>
    <elementref id="160" elementname="NM" indicator="*"></elementref>
    <elementref id="164" elementname="vedomost_ZIP" indicator="*"></elementref>
    <elementref id="181" elementname="VEED" indicator="*"></elementref>
    <elementref id="184" elementname="UTP" indicator="*"></elementref>
  </element>
  <element id="13" name="&#1056;&#1091;&#1082;&#1086;&#1074;&#1086;&#1076;&#1089;&#1090;&#1074;&#1086; &#1087;&#1086; &#1101;&#1082;&#1089;&#1087;&#1083;&#1091;&#1072;&#1090;&#1072;&#1094;&#1080;&#1080;" elementname="ruk_ekspl" type="0" usecodification="1" codemask="2::2::::Value::::0::3::::Value::::0::7::::Value::::0::8::::Value::::0::9::::Value::::0::22::::Value::::0::18::::Value::::0::19::::Value::::0::23::::Value::::0" code="1">
    <elementref id="18" elementname="vvedenie" indicator="?"></elementref>
    <elementref id="21" elementname="opisanie_rabota" indicator="?"></elementref>
    <elementref id="41" elementname="ispolzovanie_po_naznacheniyu" indicator="*"></elementref>
    <elementref id="76" elementname="technicheskoe_obsluzhivanie" indicator="*"></elementref>
    <elementref id="96" elementname="TR" indicator="*"></elementref>
    <elementref id="106" elementname="hranenie" indicator="*"></elementref>
    <elementref id="114" elementname="transportirovanie" indicator="*"></elementref>
    <elementref id="120" elementname="utilizacia" indicator="*"></elementref>
  </element>
  <element id="20" name="&#1054;&#1087;&#1080;&#1089;&#1072;&#1085;&#1080;&#1077; &#1080; &#1088;&#1072;&#1073;&#1086;&#1090;&#1072;" elementname="opisanie_rabota" type="0" usecodification="1" codemask="2::2::::Value::::0::3::::Value::::0::7::::Value::::0::8::::Value::::0::9::::Value::::0::22::::Value::::0::18::::Value::::0::19::::Value::::0::23::::Value::::0" code="1">
    <elementref id="23" elementname="opisanie_rabota_izdelie" indicator="*"></elementref>
    <elementref id="27" elementname="opisanie_rabota_sost_chstey" indicator="*"></elementref>
  </element>
  <element id="22" name="&#1054;&#1087;&#1080;&#1089;&#1072;&#1085;&#1080;&#1077; &#1080; &#1088;&#1072;&#1073;&#1086;&#1090;&#1072; &#1080;&#1079;&#1076;&#1077;&#1083;&#1080;&#1103;" elementname="opisanie_rabota_izdelie" type="0" usecodification="1" codemask="2::2::::Value::::0::3::::Value::::0::7::::Value::::0::8::::Value::::0::9::::Value::::0::22::::Value::::0::18::::Value::::0::19::::Value::::0::23::::Value::::0" code="1">
    <elementref id="28" elementname="naznachenie" indicator="*"></elementref>
    <elementref id="29" elementname="characteristiki" indicator="*"></elementref>
    <elementref id="30" elementname="sostav_izd" indicator="*"></elementref>
    <elementref id="31" elementname="ustr_rabota" indicator="*"></elementref>
    <elementref id="32" elementname="sredstva_izmereniy_instrument_prinadlezhnost" indicator="*"></elementref>
    <elementref id="33" elementname="markirovka_plombirovanie" indicator="*"></elementref>
    <elementref id="34" elementname="upakovka" indicator="*"></elementref>
  </element>
  <element id="26" name="&#1054;&#1087;&#1080;&#1089;&#1072;&#1085;&#1080;&#1077; &#1080; &#1088;&#1072;&#1073;&#1086;&#1090;&#1072; &#1089;&#1086;&#1089;&#1090;&#1072;&#1074;&#1085;&#1099;&#1093; &#1095;&#1072;&#1089;&#1090;&#1077;&#1081; &#1080;&#1079;&#1076;&#1077;&#1083;&#1080;&#1103;" elementname="opisanie_rabota_sost_chstey" type="0" usecodification="1" codemask="2::2::::Value::::0::3::::Value::::0::7::::Value::::0::8::::Value::::0::9::::Value::::0::22::::Value::::0::18::::Value::::0::19::::Value::::0::23::::Value::::0" code="1">
    <elementref id="35" elementname="obshie_svedeniya" indicator="*"></elementref>
    <elementref id="36" elementname="opisanie" indicator="*"></elementref>
    <elementref id="37" elementname="rabota" indicator="*"></elementref>
    <elementref id="38" elementname="markirovka_plombirovanie" indicator="*"></elementref>
    <elementref id="39" elementname="upakovka" indicator="*"></elementref>
  </element>
  <element id="40" name="&#1048;&#1089;&#1087;&#1086;&#1083;&#1100;&#1079;&#1086;&#1074;&#1072;&#1085;&#1080;&#1077; &#1087;&#1086; &#1085;&#1072;&#1079;&#1085;&#1072;&#1095;&#1077;&#1085;&#1080;&#1102;" elementname="ispolzovanie_po_naznacheniyu" type="0" usecodification="1" codemask="2::2::::Value::::0::3::::Value::::0::7::::Value::::0::8::::Value::::0::9::::Value::::0::22::::Value::::0::18::::Value::::0::19::::Value::::0::23::::Value::::0" code="1">
    <elementref id="43" elementname="ekspluataz_ogranicheniya_razdel" indicator="*"></elementref>
    <elementref id="46" elementname="podgot_izdeliya_k_ispolzovaniyu" indicator="*"></elementref>
    <elementref id="59" elementname="ispolzovanie_izd" indicator="*"></elementref>
    <elementref id="70" elementname="deystviya_v_extremalnyh_usloviyah" indicator="*"></elementref>
  </element>
  <element id="42" name="&#1069;&#1082;&#1089;&#1087;&#1083;&#1091;&#1072;&#1090;&#1072;&#1094;&#1080;&#1086;&#1085;&#1085;&#1099;&#1077; &#1086;&#1075;&#1088;&#1072;&#1085;&#1080;&#1095;&#1077;&#1085;&#1080;&#1103;" elementname="ekspluataz_ogranicheniya_razdel" type="0" usecodification="1" codemask="2::2::::Value::::0::3::::Value::::0::7::::Value::::0::8::::Value::::0::9::::Value::::0::22::::Value::::0::18::::Value::::0::19::::Value::::0::23::::Value::::0" code="1">
    <elementref id="44" elementname="ekspluataz_ogranicheniya" indicator="*"></elementref>
  </element>
  <element id="45" name="&#1055;&#1086;&#1076;&#1075;&#1086;&#1090;&#1086;&#1074;&#1082;&#1072; &#1080;&#1079;&#1076;&#1077;&#1083;&#1080;&#1103; &#1082; &#1080;&#1089;&#1087;&#1086;&#1083;&#1100;&#1079;&#1086;&#1074;&#1072;&#1085;&#1080;&#1102;" elementname="podgot_izdeliya_k_ispolzovaniyu" type="0" usecodification="1" codemask="2::2::::Value::::0::3::::Value::::0::7::::Value::::0::8::::Value::::0::9::::Value::::0::22::::Value::::0::18::::Value::::0::19::::Value::::0::23::::Value::::0" code="1">
    <elementref id="47" elementname="mery_bezopasnosty" indicator="*"></elementref>
    <elementref id="48" elementname="zapravka_GSM" indicator="*"></elementref>
    <elementref id="49" elementname="vneshniy_osmotr" indicator="*"></elementref>
    <elementref id="50" elementname="osmotr_rabochih_mest" indicator="*"></elementref>
    <elementref id="91" elementname="osmotr_proverka" indicator="*"></elementref>
    <elementref id="52" elementname="organy_upravleniya_pered_rabotoy" indicator="*"></elementref>
    <elementref id="53" elementname="orientyrovanie_izdeliya" indicator="*"></elementref>
    <elementref id="54" elementname="osobennosty_podgotovki_iz_razlichnih_stepeney" indicator="*"></elementref>
    <elementref id="55" elementname="vzaimosvaz_s_drugimi" indicator="*"></elementref>
    <elementref id="56" elementname="vkluchenie_i_oprobovanie" indicator="*"></elementref>
    <elementref id="57" elementname="perechen_vozmozhnyh_neispravnostey" indicator="*"></elementref>
  </element>
  <element id="58" name="&#1048;&#1089;&#1087;&#1086;&#1083;&#1100;&#1079;&#1086;&#1074;&#1072;&#1085;&#1080;&#1077; &#1080;&#1079;&#1076;&#1077;&#1083;&#1080;&#1103;" elementname="ispolzovanie_izd" type="0" usecodification="1" codemask="2::2::::Value::::0::3::::Value::::0::7::::Value::::0::8::::Value::::0::9::::Value::::0::22::::Value::::0::18::::Value::::0::19::::Value::::0::23::::Value::::0" code="1">
    <elementref id="60" elementname="poryadok_deystviy_personala" indicator="*"></elementref>
    <elementref id="61" elementname="kontrol_rabotosposobnosty" indicator="*"></elementref>
    <elementref id="62" elementname="perechen_vozmozhnyh_neispravnostey" indicator="*"></elementref>
    <elementref id="63" elementname="rezhimy_raboty" indicator="*"></elementref>
    <elementref id="64" elementname="perevod_rezhimov_raboty" indicator="*"></elementref>
    <elementref id="65" elementname="perevod_v_ishodnoe_polozhenie" indicator="*"></elementref>
    <elementref id="66" elementname="vykluchenie_izdeliya" indicator="*"></elementref>
    <elementref id="67" elementname="zapravka_GSM" indicator="*"></elementref>
    <elementref id="68" elementname="mery_bezopasnosty" indicator="*"></elementref>
  </element>
  <element id="69" name="&#1044;&#1077;&#1081;&#1089;&#1090;&#1074;&#1080;&#1103; &#1074; &#1101;&#1082;&#1089;&#1090;&#1088;&#1077;&#1084;&#1072;&#1083;&#1100;&#1085;&#1099;&#1093; &#1091;&#1089;&#1083;&#1086;&#1074;&#1080;&#1103;&#1093;" elementname="deystviya_v_extremalnyh_usloviyah" type="0" usecodification="1" codemask="2::2::::Value::::0::3::::Value::::0::7::::Value::::0::8::::Value::::0::9::::Value::::0::22::::Value::::0::18::::Value::::0::19::::Value::::0::23::::Value::::0" code="1">
    <elementref id="71" elementname="deystviya_pri_pozhare" indicator="*"></elementref>
    <elementref id="72" elementname="deystviya_pri_otkazah_system" indicator="*"></elementref>
    <elementref id="73" elementname="deystviya_pri_popadanii_v_avariyniye_usloviya" indicator="*"></elementref>
    <elementref id="74" elementname="deystvya_pri_extren_evakuacii" indicator="*"></elementref>
  </element>
  <element id="75" name="&#1058;&#1077;&#1093;&#1085;&#1080;&#1095;&#1077;&#1089;&#1082;&#1086;&#1077; &#1086;&#1073;&#1089;&#1083;&#1091;&#1078;&#1080;&#1074;&#1072;&#1085;&#1080;&#1077;" elementname="technicheskoe_obsluzhivanie" type="0" usecodification="1" codemask="2::2::::Value::::0::3::::Value::::0::7::::Value::::0::8::::Value::::0::9::::Value::::0::22::::Value::::0::18::::Value::::0::19::::Value::::0::23::::Value::::0" code="1">
    <elementref id="78" elementname="TO_izdeliya" indicator="*"></elementref>
    <elementref id="80" elementname="TO_sost_chastey" indicator="*"></elementref>
  </element>
  <element id="77" name="&#1058;&#1077;&#1093;&#1085;&#1080;&#1095;&#1077;&#1089;&#1082;&#1086;&#1077; &#1086;&#1073;&#1089;&#1083;&#1091;&#1078;&#1080;&#1074;&#1072;&#1085;&#1080;&#1077; &#1080;&#1079;&#1076;&#1077;&#1083;&#1080;&#1103;" elementname="TO_izdeliya" type="0" usecodification="1" codemask="2::2::::Value::::0::3::::Value::::0::7::::Value::::0::8::::Value::::0::9::::Value::::0::22::::Value::::0::18::::Value::::0::19::::Value::::0::23::::Value::::0" code="1">
    <elementref id="82" elementname="obshie_ukazaniya" indicator="*"></elementref>
    <elementref id="83" elementname="mery_bezopasnosty" indicator="*"></elementref>
    <elementref id="84" elementname="poryadok_TO" indicator="*"></elementref>
    <elementref id="85" elementname="proverka_rabotosposobnosty" indicator="*"></elementref>
    <elementref id="86" elementname="technich_osvidetelstvovanie" indicator="*"></elementref>
    <elementref id="87" elementname="konservaciya" indicator="*"></elementref>
  </element>
  <element id="79" name="&#1058;&#1077;&#1093;&#1085;&#1080;&#1095;&#1077;&#1089;&#1082;&#1086;&#1077; &#1086;&#1073;&#1089;&#1083;&#1091;&#1078;&#1080;&#1074;&#1072;&#1085;&#1080;&#1077; &#1089;&#1086;&#1089;&#1090;&#1072;&#1074;&#1085;&#1099;&#1093; &#1095;&#1072;&#1089;&#1090;&#1077;&#1081;" elementname="TO_sost_chastey" type="0" usecodification="1" codemask="2::2::::Value::::0::3::::Value::::0::7::::Value::::0::8::::Value::::0::9::::Value::::0::22::::Value::::0::18::::Value::::0::19::::Value::::0::23::::Value::::0" code="1">
    <elementref id="88" elementname="obsluzhivanie" indicator="*"></elementref>
    <elementref id="89" elementname="demontag_montag" indicator="*"></elementref>
    <elementref id="90" elementname="regulirovanie_ispytaniye" indicator="*"></elementref>
    <elementref id="92" elementname="osmotr_proverka" indicator="*"></elementref>
    <elementref id="93" elementname="ochistka_okraska" indicator="*"></elementref>
    <elementref id="94" elementname="konservaciya" indicator="*"></elementref>
  </element>
  <element id="95" name="&#1058;&#1077;&#1082;&#1091;&#1097;&#1080;&#1081; &#1088;&#1077;&#1084;&#1086;&#1085;&#1090;" elementname="TR" type="0" usecodification="1" codemask="2::2::::Value::::0::3::::Value::::0::7::::Value::::0::8::::Value::::0::9::::Value::::0::22::::Value::::0::18::::Value::::0::19::::Value::::0::23::::Value::::0" code="1">
    <elementref id="98" elementname="TR_izdelie" indicator="*"></elementref>
    <elementref id="100" elementname="TR_sost_chastey" indicator="*"></elementref>
  </element>
  <element id="97" name="&#1058;&#1077;&#1082;&#1091;&#1097;&#1080;&#1081; &#1088;&#1077;&#1084;&#1086;&#1085;&#1090; &#1080;&#1079;&#1076;&#1077;&#1083;&#1080;&#1103;" elementname="TR_izdelie" type="0" usecodification="1" codemask="2::2::::Value::::0::3::::Value::::0::7::::Value::::0::8::::Value::::0::9::::Value::::0::22::::Value::::0::18::::Value::::0::19::::Value::::0::23::::Value::::0" code="1">
    <elementref id="101" elementname="obshie_ukazaniya" indicator="*"></elementref>
    <elementref id="102" elementname="mery_bezopasnosty" indicator="*"></elementref>
  </element>
  <element id="99" name="&#1058;&#1077;&#1082;&#1091;&#1097;&#1080;&#1081; &#1088;&#1077;&#1084;&#1086;&#1085;&#1090; &#1089;&#1086;&#1089;&#1090;&#1072;&#1074;&#1085;&#1099;&#1093; &#1095;&#1072;&#1089;&#1090;&#1077;&#1081;" elementname="TR_sost_chastey" type="0" usecodification="1" codemask="2::2::::Value::::0::3::::Value::::0::7::::Value::::0::8::::Value::::0::9::::Value::::0::22::::Value::::0::18::::Value::::0::19::::Value::::0::23::::Value::::0" code="1">
    <elementref id="103" elementname="poisk_posledstviy_otkazov" indicator="*"></elementref>
    <elementref id="104" elementname="ustranenie_posledstviy_otkazov" indicator="*"></elementref>
  </element>
  <element id="105" name="&#1061;&#1088;&#1072;&#1085;&#1077;&#1085;&#1080;&#1077;" elementname="hranenie" type="0" usecodification="1" codemask="2::2::::Value::::0::3::::Value::::0::7::::Value::::0::8::::Value::::0::9::::Value::::0::22::::Value::::0::18::::Value::::0::19::::Value::::0::23::::Value::::0" code="1">
    <elementref id="107" elementname="postanovka_snyatiye_s_hraneniya" indicator="*"></elementref>
    <elementref id="108" elementname="perechen_sost_chastey_ogranich_srok_hraneniya" indicator="*"></elementref>
    <elementref id="109" elementname="perechen_rabot" indicator="*"></elementref>
    <elementref id="110" elementname="usloviya" indicator="*"></elementref>
    <elementref id="111" elementname="utilizaciya" indicator="*"></elementref>
    <elementref id="112" elementname="predelnye_sroki_hraneniya_klimat" indicator="*"></elementref>
  </element>
  <element id="113" name="&#1058;&#1088;&#1072;&#1085;&#1089;&#1087;&#1086;&#1088;&#1090;&#1080;&#1088;&#1086;&#1074;&#1072;&#1085;&#1080;&#1077;" elementname="transportirovanie" type="0" usecodification="1" codemask="2::2::::Value::::0::3::::Value::::0::7::::Value::::0::8::::Value::::0::9::::Value::::0::22::::Value::::0::18::::Value::::0::19::::Value::::0::23::::Value::::0" code="1">
    <elementref id="115" elementname="trebovaniya_transportirovanie" indicator="*"></elementref>
    <elementref id="116" elementname="podgotovka_transportirovanie" indicator="*"></elementref>
    <elementref id="117" elementname="sposoby_krepleniya" indicator="*"></elementref>
    <elementref id="118" elementname="poryadok_pogruzki_vygruzki" indicator="*"></elementref>
  </element>
  <element id="119" name="&#1059;&#1090;&#1080;&#1083;&#1080;&#1079;&#1072;&#1094;&#1080;&#1103;" elementname="utilizacia" type="0" usecodification="1" codemask="2::2::::Value::::0::3::::Value::::0::7::::Value::::0::8::::Value::::0::9::::Value::::0::22::::Value::::0::18::::Value::::0::19::::Value::::0::23::::Value::::0" code="1">
    <elementref id="121" elementname="mery_bezopasnosty" indicator="*"></elementref>
    <elementref id="122" elementname="svedeniya_meropriyatiya_podgotovka_utilizacia" indicator="*"></elementref>
    <elementref id="123" elementname="perechen_utiliziruemyh_sost_chastey" indicator="*"></elementref>
    <elementref id="124" elementname="metody_utilizacii" indicator="*"></elementref>
  </element>
  <element id="125" name="&#1048;&#1085;&#1089;&#1090;&#1088;&#1091;&#1082;&#1094;&#1080;&#1103; &#1087;&#1086; &#1084;&#1086;&#1085;&#1090;&#1072;&#1078;&#1091;, &#1087;&#1091;&#1089;&#1082;&#1091;, &#1088;&#1077;&#1075;&#1091;&#1083;&#1080;&#1088;&#1086;&#1074;&#1072;&#1085;&#1080;&#1102; &#1080; &#1086;&#1073;&#1082;&#1072;&#1090;&#1082;&#1077; &#1080;&#1079;&#1076;&#1077;&#1083;&#1080;&#1103;" elementname="instrukciya_po_montagu" type="0" usecodification="1" codemask="2::2::::Value::::0::3::::Value::::0::7::::Value::::0::8::::Value::::0::9::::Value::::0::22::::Value::::0::18::::Value::::0::19::::Value::::0::23::::Value::::0" code="1">
    <elementref id="127" elementname="vvedenie" indicator="?"></elementref>
    <elementref id="129" elementname="obshie_ukazaniya" indicator="*"></elementref>
    <elementref id="128" elementname="mery_bezopasnosty" indicator="*"></elementref>
    <elementref id="130" elementname="podgotovka_k_montagu" indicator="*"></elementref>
    <elementref id="131" elementname="montag_i_demontag" indicator="*"></elementref>
    <elementref id="132" elementname="naladka_stykovka_ispytaniya" indicator="*"></elementref>
    <elementref id="133" elementname="pusk" indicator="*"></elementref>
    <elementref id="134" elementname="regulirovanie" indicator="*"></elementref>
    <elementref id="135" elementname="kompleksnaya_proverka" indicator="*"></elementref>
    <elementref id="136" elementname="obkatka" indicator="*"></elementref>
    <elementref id="137" elementname="sdacha_smontirovannogo_izdeliya" indicator="*"></elementref>
  </element>
  <element id="138" name="&#1050;&#1072;&#1090;&#1072;&#1083;&#1086;&#1075; &#1076;&#1077;&#1090;&#1072;&#1083;&#1077;&#1081; &#1080; &#1089;&#1073;&#1086;&#1088;&#1086;&#1095;&#1085;&#1099;&#1093; &#1077;&#1076;&#1080;&#1085;&#1080;&#1094;" elementname="KDS" type="0" usecodification="1" codemask="2::2::::Value::::0::3::::Value::::0::7::::Value::::0::8::::Value::::0::9::::Value::::0::22::::Value::::0::18::::Value::::0::19::::Value::::0::23::::Value::::0" code="1">
    <elementref id="140" elementname="vvedenie" indicator="?"></elementref>
    <elementref id="142" elementname="opisanie" indicator="*"></elementref>
    <elementref id="143" elementname="sborochnaya_edinica" indicator="*"></elementref>
    <elementref id="145" elementname="razdel" indicator="*"></elementref>
  </element>
  <element id="144" name="&#1056;&#1072;&#1079;&#1076;&#1077;&#1083;" elementname="razdel" type="0" usecodification="1" codemask="2::2::::Value::::0::3::::Value::::0::7::::Value::::0::8::::Value::::0::9::::Value::::0::22::::Value::::0::18::::Value::::0::19::::Value::::0::23::::Value::::0" code="1">
    <elementref id="147" elementname="opisanie" indicator="*"></elementref>
    <elementref id="146" elementname="sborochnaya_edinica" indicator="*"></elementref>
    <elementref id="148" elementname="razdel" indicator="*"></elementref>
  </element>
  <element id="149" name="&#1053;&#1086;&#1088;&#1084;&#1099; &#1088;&#1072;&#1089;&#1093;&#1086;&#1076;&#1072; &#1079;&#1072;&#1087;&#1072;&#1089;&#1085;&#1099;&#1093; &#1095;&#1072;&#1089;&#1090;&#1077;&#1081;" elementname="nzch" type="0" usecodification="1" codemask="2::2::::Value::::0::3::::Value::::0::7::::Value::::0::8::::Value::::0::9::::Value::::0::22::::Value::::0::18::::Value::::0::19::::Value::::0::23::::Value::::0" code="1">
    <elementref id="152" elementname="vvedenie" indicator="?"></elementref>
    <elementref id="154" elementname="sost_chast_sobstv" indicator="*"></elementref>
    <elementref id="156" elementname="pokupn_izdeliya" indicator="*"></elementref>
  </element>
  <element id="153" name="&#1057;&#1086;&#1089;&#1090;&#1072;&#1074;&#1085;&#1099;&#1077; &#1095;&#1072;&#1089;&#1090;&#1080; &#1089;&#1086;&#1073;&#1089;&#1090;&#1074;&#1077;&#1085;&#1085;&#1086;&#1075;&#1086; &#1087;&#1088;&#1086;&#1080;&#1079;&#1074;&#1086;&#1076;&#1089;&#1090;&#1074;&#1072;" elementname="sost_chast_sobstv" type="0" usecodification="1" codemask="2::2::::Value::::0::3::::Value::::0::7::::Value::::0::8::::Value::::0::9::::Value::::0::22::::Value::::0::18::::Value::::0::19::::Value::::0::23::::Value::::0" code="1">
    <elementref id="157" elementname="vid_zapchast" indicator="*"></elementref>
  </element>
  <element id="155" name="&#1055;&#1086;&#1082;&#1091;&#1087;&#1085;&#1099;&#1077; &#1080;&#1079;&#1076;&#1077;&#1083;&#1080;&#1103; &#1080; &#1080;&#1093; &#1089;&#1086;&#1089;&#1090;&#1072;&#1074;&#1085;&#1099;&#1077; &#1095;&#1072;&#1089;&#1090;&#1080;" elementname="pokupn_izdeliya" type="0" usecodification="1" codemask="2::2::::Value::::0::3::::Value::::0::7::::Value::::0::8::::Value::::0::9::::Value::::0::22::::Value::::0::18::::Value::::0::19::::Value::::0::23::::Value::::0" code="1">
    <elementref id="158" elementname="vid_zapchast" indicator="*"></elementref>
  </element>
  <element id="159" name="&#1053;&#1086;&#1088;&#1084;&#1099; &#1088;&#1072;&#1089;&#1093;&#1086;&#1076;&#1072; &#1084;&#1072;&#1090;&#1077;&#1088;&#1080;&#1072;&#1083;&#1086;&#1074;" elementname="NM" type="0" usecodification="1" codemask="2::2::::Value::::0::3::::Value::::0::7::::Value::::0::8::::Value::::0::9::::Value::::0::22::::Value::::0::18::::Value::::0::19::::Value::::0::23::::Value::::0" code="1">
    <elementref id="162" elementname="vvedenie" indicator="*"></elementref>
    <elementref id="161" elementname="NM_md" indicator="*"></elementref>
  </element>
  <element id="163" name="&#1042;&#1077;&#1076;&#1086;&#1084;&#1086;&#1089;&#1090;&#1100; &#1047;&#1048;&#1055;" elementname="vedomost_ZIP" type="0" usecodification="1" codemask="2::2::::Value::::0::3::::Value::::0::7::::Value::::0::8::::Value::::0::9::::Value::::0::22::::Value::::0::18::::Value::::0::19::::Value::::0::23::::Value::::0" code="1">
    <elementref id="165" elementname="vvedenie" indicator="?"></elementref>
    <elementref id="167" elementname="zapchasti" indicator="*"></elementref>
    <elementref id="170" elementname="insrument" indicator="*"></elementref>
    <elementref id="173" elementname="prinadlezh" indicator="*"></elementref>
    <elementref id="175" elementname="material" indicator="*"></elementref>
    <elementref id="179" elementname="instrukciya" indicator="+"></elementref>
  </element>
  <element id="166" name="&#1047;&#1072;&#1087;&#1072;&#1089;&#1085;&#1099;&#1077; &#1095;&#1072;&#1089;&#1090;&#1080;" elementname="zapchasti" type="0" usecodification="1" codemask="2::2::::Value::::0::3::::Value::::0::7::::Value::::0::8::::Value::::0::9::::Value::::0::22::::Value::::0::18::::Value::::0::19::::Value::::0::23::::Value::::0" code="1">
    <elementref id="168" elementname="ZIP_zapchasti" indicator="*"></elementref>
  </element>
  <element id="169" name="&#1048;&#1085;&#1089;&#1090;&#1088;&#1091;&#1084;&#1077;&#1085;&#1090;" elementname="insrument" type="0" usecodification="1" codemask="2::2::::Value::::0::3::::Value::::0::7::::Value::::0::8::::Value::::0::9::::Value::::0::22::::Value::::0::18::::Value::::0::19::::Value::::0::23::::Value::::0" code="1">
    <elementref id="171" elementname="insrument_md" indicator="*"></elementref>
  </element>
  <element id="172" name="&#1055;&#1088;&#1080;&#1085;&#1072;&#1076;&#1083;&#1077;&#1078;&#1085;&#1086;&#1089;&#1090;&#1080;" elementname="prinadlezh" type="0" usecodification="1" codemask="2::2::::Value::::0::3::::Value::::0::7::::Value::::0::8::::Value::::0::9::::Value::::0::22::::Value::::0::18::::Value::::0::19::::Value::::0::23::::Value::::0" code="1">
    <elementref id="176" elementname="insrument_md" indicator="*"></elementref>
  </element>
  <element id="174" name="&#1052;&#1072;&#1090;&#1077;&#1088;&#1080;&#1072;&#1083;&#1099;" elementname="material" type="0" usecodification="1" codemask="2::2::::Value::::0::3::::Value::::0::7::::Value::::0::8::::Value::::0::9::::Value::::0::22::::Value::::0::18::::Value::::0::19::::Value::::0::23::::Value::::0" code="1">
    <elementref id="177" elementname="insrument_md" indicator="*"></elementref>
  </element>
  <element id="180" name="&#1042;&#1077;&#1076;&#1086;&#1084;&#1086;&#1089;&#1090;&#1100; &#1101;&#1082;&#1089;&#1087;&#1083;&#1091;&#1072;&#1090;&#1072;&#1094;&#1080;&#1086;&#1085;&#1085;&#1099;&#1093; &#1076;&#1086;&#1082;&#1091;&#1084;&#1077;&#1085;&#1090;&#1086;&#1074;" elementname="VEED" type="0" usecodification="1" codemask="2::2::::Value::::0::3::::Value::::0::7::::Value::::0::8::::Value::::0::9::::Value::::0::22::::Value::::0::18::::Value::::0::19::::Value::::0::23::::Value::::0" code="1">
    <elementref id="182" elementname="VEED_md" indicator="*"></elementref>
  </element>
  <element id="183" name="&#1059;&#1095;&#1077;&#1073;&#1085;&#1086;-&#1090;&#1077;&#1093;&#1085;&#1080;&#1095;&#1077;&#1089;&#1082;&#1080;&#1077; &#1087;&#1083;&#1072;&#1082;&#1072;&#1090;&#1099;" elementname="UTP" type="0" usecodification="0" codemask="" code="">
    <elementref id="185" elementname="vvedenie" indicator="+"></elementref>
    <elementref id="186" elementname="opisanie" indicator="*"></elementref>
    <elementref id="187" elementname="plakat_so_spec" indicator="*"></elementref>
    <elementref id="188" elementname="plakat" indicator="*"></elementref>
    <elementref id="190" elementname="razdel_UTP" indicator="*"></elementref>
  </element>
  <element id="189" name="&#1056;&#1072;&#1079;&#1076;&#1077;&#1083; &#1059;&#1058;&#1055;" elementname="razdel_UTP" type="0" usecodification="0" codemask="" code="">
    <elementref id="191" elementname="plakat_so_spec" indicator="*"></elementref>
    <elementref id="192" elementname="plakat" indicator="*"></elementref>
    <elementref id="193" elementname="razdel_UTP" indicator="*"></elementref>
  </element>
</struct>
