<catalogue_data maxid="11">
  <item id="7">
    <attribute attr_id="0" attr_type="2" specialattr="1">
      <value id="0" val="&#1043;&#1072;&#1081;&#1082;&#1072; &#1052;6-6&#1053;.6.016 &#1043;&#1054;&#1057;&#1058; 5927-70"></value>
    </attribute>
    <attribute attr_id="3" attr_type="1" specialattr="4">
      <value id="0" position="1"></value>
    </attribute>
    <attribute attr_id="5" attr_type="2">
      <value id="0" val="1"></value>
    </attribute>
  </item>
  <item id="8">
    <attribute attr_id="2" attr_type="2" specialattr="3">
      <value id="0" val="369.70.931"></value>
    </attribute>
    <attribute attr_id="0" attr_type="2" specialattr="1">
      <value id="0" val="&#1052;&#1072;&#1093;&#1086;&#1074;&#1080;&#1082;"></value>
    </attribute>
    <attribute attr_id="6" attr_type="2">
      <value id="0" val="&#1060;&#1077;&#1085;&#1086;&#1087;&#1083;&#1072;&#1089;&#1090; &#1059;1-301-07"></value>
    </attribute>
    <attribute attr_id="3" attr_type="1" specialattr="4">
      <value id="0" position="2"></value>
    </attribute>
    <attribute attr_id="5" attr_type="2">
      <value id="0" val="1"></value>
    </attribute>
    <attribute attr_id="7" attr_type="2">
      <value id="0" val="0,11"></value>
    </attribute>
  </item>
  <item id="9">
    <attribute attr_id="2" attr_type="2" specialattr="3">
      <value id="0" val="369.70.932"></value>
    </attribute>
    <attribute attr_id="0" attr_type="2" specialattr="1">
      <value id="0" val="&#1054;&#1089;&#1100;"></value>
    </attribute>
    <attribute attr_id="6" attr_type="2">
      <value id="0" val="&#1057;&#1090;&#1072;&#1083;&#1100; 20"></value>
    </attribute>
    <attribute attr_id="3" attr_type="1" specialattr="4">
      <value id="0" position="4"></value>
    </attribute>
    <attribute attr_id="5" attr_type="2">
      <value id="0" val="1"></value>
    </attribute>
    <attribute attr_id="7" attr_type="2">
      <value id="0" val="0,027"></value>
    </attribute>
  </item>
  <item id="10">
    <attribute attr_id="2" attr_type="2" specialattr="3">
      <value id="0" val="369.70.933"></value>
    </attribute>
    <attribute attr_id="0" attr_type="2" specialattr="1">
      <value id="0" val="&#1056;&#1091;&#1095;&#1082;&#1072;"></value>
    </attribute>
    <attribute attr_id="6" attr_type="2">
      <value id="0" val="&#1060;&#1077;&#1085;&#1086;&#1087;&#1083;&#1072;&#1089;&#1090; &#1059;1-301-07"></value>
    </attribute>
    <attribute attr_id="3" attr_type="1" specialattr="4">
      <value id="0" position="3"></value>
    </attribute>
    <attribute attr_id="5" attr_type="2">
      <value id="0" val="1"></value>
    </attribute>
    <attribute attr_id="7" attr_type="2">
      <value id="0" val="0,013"></value>
    </attribute>
  </item>
</catalogue_data>
