<catalogue_structure id="0" printcards="0">
  <item id="7" name="&#1043;&#1072;&#1081;&#1082;&#1072; &#1052;6-6&#1053;.6.016 &#1043;&#1054;&#1057;&#1058; 5927-70" specprn="" speccode=""></item>
  <item id="8" name="&#1052;&#1072;&#1093;&#1086;&#1074;&#1080;&#1082;" specprn="" speccode="369.70.931"></item>
  <item id="10" name="&#1056;&#1091;&#1095;&#1082;&#1072;" specprn="" speccode="369.70.933"></item>
  <item id="9" name="&#1054;&#1089;&#1100;" specprn="" speccode="369.70.932"></item>
</catalogue_structure>
