<importattrdependences selectedsheetnum="1" selectedsheetname="&#1051;&#1080;&#1089;&#1090;1" lastselected="1,8,1,22">
  <structure type="1" user="IETM:53" used="10.06.10 16:33:23">
    <source_structure name="&#1050;&#1085;&#1080;&#1075;&#1072;1.xlsx">
      <attribute name="� &#1087;&#1086;&#1079;&#1080;&#1094;&#1080;&#1080;" type="2" id="1" x="1" y_start="1" y_end="22"></attribute>
      <attribute name="&#1054;&#1073;&#1086;&#1079;&#1085;&#1072;&#1095;&#1077;&#1085;&#1080;&#1077;" type="2" id="2" x="2" y_start="1" y_end="22"></attribute>
      <attribute name="&#1053;&#1072;&#1080;&#1084;&#1077;&#1085;&#1086;&#1074;&#1072;&#1085;&#1080;&#1077;" type="2" id="3" x="3" y_start="1" y_end="22"></attribute>
      <attribute name="&#1050;&#1091;&#1076;&#1072; &#1074;&#1093;&#1086;&#1076;&#1080;&#1090;" type="2" id="4" x="4" y_start="1" y_end="22"></attribute>
      <attribute name="&#1057;&#1090;&#1086;&#1083;&#1073;&#1077;&#1094; E" type="2" id="5" x="5" y_start="1" y_end="22"></attribute>
      <attribute name="&#1052;&#1072;&#1090;&#1077;&#1088;&#1080;&#1072;&#1083;" type="2" id="6" x="6" y_start="1" y_end="22"></attribute>
      <attribute name="&#1052;&#1072;&#1089;&#1089;&#1072;, &#1082;&#1075;" type="2" id="7" x="7" y_start="1" y_end="22"></attribute>
      <attribute name="&#1055;&#1088;&#1080;&#1084;&#1077;&#1095;&#1072;&#1085;&#1080;&#1077;" type="2" id="8" x="8" y_start="1" y_end="22"></attribute>
    </source_structure>
    <dest_structure name="688-27-&#1089;&#1073;201 &#1044;&#1074;&#1080;&#1078;&#1080;&#1090;&#1077;&#1083;&#1100; &#1074;&#1086;&#1076;&#1086;&#1084;&#1077;&#1090;&#1085;&#1099;&#1081;">
      <attribute name="&#1055;&#1086;&#1079;&#1080;&#1094;&#1080;&#1103; &#1085;&#1072; &#1089;&#1093;&#1077;&#1084;&#1077;" type="1" id="3"></attribute>
      <attribute name="&#1054;&#1073;&#1086;&#1079;&#1085;&#1072;&#1095;&#1077;&#1085;&#1080;&#1077;" type="2" id="2"></attribute>
      <attribute name="&#1053;&#1072;&#1080;&#1084;&#1077;&#1085;&#1086;&#1074;&#1072;&#1085;&#1080;&#1077;" type="2" id="0"></attribute>
      <attribute name="&#1054;&#1073;&#1086;&#1079;&#1085;&#1072;&#1095;&#1077;&#1085;&#1080;&#1077; &#1089;&#1073;&#1086;&#1088;&#1086;&#1095;&#1085;&#1086;&#1081; &#1077;&#1076;&#1080;&#1085;&#1080;&#1094;&#1099; &#1082;&#1091;&#1076;&#1072; &#1074;&#1093;&#1086;&#1076;&#1080;&#1090;" type="2" id="1"></attribute>
      <attribute name="&#1050;&#1086;&#1083;&#1080;&#1095;&#1077;&#1089;&#1090;&#1074;&#1086; &#1085;&#1072; &#1086;&#1076;&#1085;&#1091; &#1089;&#1073;&#1086;&#1088;&#1086;&#1095;&#1085;&#1091;&#1102; &#1077;&#1076;&#1080;&#1085;&#1080;&#1094;&#1091;" type="2" id="5"></attribute>
      <attribute name="&#1052;&#1072;&#1090;&#1077;&#1088;&#1080;&#1072;&#1083;" type="2" id="6"></attribute>
      <attribute name="&#1052;&#1072;&#1089;&#1089;&#1072;" type="2" id="7"></attribute>
      <attribute name="&#1055;&#1088;&#1080;&#1084;&#1077;&#1095;&#1072;&#1085;&#1080;&#1077;" type="2" id="8"></attribute>
      <attribute name="&#1057;&#1089;&#1099;&#1083;&#1082;&#1072;" type="5" id="9"></attribute>
    </dest_structure>
    <connections>
      <connection dest_name="&#1054;&#1073;&#1086;&#1079;&#1085;&#1072;&#1095;&#1077;&#1085;&#1080;&#1077;" dest_type="2" dest_id="2" source_name="&#1054;&#1073;&#1086;&#1079;&#1085;&#1072;&#1095;&#1077;&#1085;&#1080;&#1077;" source_type="2" source_id="2" source_x="2" source_y_start="1" source_y_end="22"></connection>
      <connection dest_name="&#1053;&#1072;&#1080;&#1084;&#1077;&#1085;&#1086;&#1074;&#1072;&#1085;&#1080;&#1077;" dest_type="2" dest_id="0" source_name="&#1053;&#1072;&#1080;&#1084;&#1077;&#1085;&#1086;&#1074;&#1072;&#1085;&#1080;&#1077;" source_type="2" source_id="3" source_x="3" source_y_start="1" source_y_end="22"></connection>
      <connection dest_name="&#1052;&#1072;&#1090;&#1077;&#1088;&#1080;&#1072;&#1083;" dest_type="2" dest_id="6" source_name="&#1052;&#1072;&#1090;&#1077;&#1088;&#1080;&#1072;&#1083;" source_type="2" source_id="6" source_x="6" source_y_start="1" source_y_end="22"></connection>
      <connection dest_name="&#1055;&#1088;&#1080;&#1084;&#1077;&#1095;&#1072;&#1085;&#1080;&#1077;" dest_type="2" dest_id="8" source_name="&#1055;&#1088;&#1080;&#1084;&#1077;&#1095;&#1072;&#1085;&#1080;&#1077;" source_type="2" source_id="8" source_x="8" source_y_start="1" source_y_end="22"></connection>
      <connection dest_name="&#1055;&#1086;&#1079;&#1080;&#1094;&#1080;&#1103; &#1085;&#1072; &#1089;&#1093;&#1077;&#1084;&#1077;" dest_type="1" dest_id="3" source_name="� &#1087;&#1086;&#1079;&#1080;&#1094;&#1080;&#1080;" source_type="2" source_id="1" source_x="1" source_y_start="1" source_y_end="22"></connection>
      <connection dest_name="&#1054;&#1073;&#1086;&#1079;&#1085;&#1072;&#1095;&#1077;&#1085;&#1080;&#1077; &#1089;&#1073;&#1086;&#1088;&#1086;&#1095;&#1085;&#1086;&#1081; &#1077;&#1076;&#1080;&#1085;&#1080;&#1094;&#1099; &#1082;&#1091;&#1076;&#1072; &#1074;&#1093;&#1086;&#1076;&#1080;&#1090;" dest_type="2" dest_id="1" source_name="&#1050;&#1091;&#1076;&#1072; &#1074;&#1093;&#1086;&#1076;&#1080;&#1090;" source_type="2" source_id="4" source_x="4" source_y_start="1" source_y_end="22"></connection>
      <connection dest_name="&#1052;&#1072;&#1089;&#1089;&#1072;" dest_type="2" dest_id="7" source_name="&#1052;&#1072;&#1089;&#1089;&#1072;, &#1082;&#1075;" source_type="2" source_id="7" source_x="7" source_y_start="1" source_y_end="22"></connection>
      <connection dest_name="&#1050;&#1086;&#1083;&#1080;&#1095;&#1077;&#1089;&#1090;&#1074;&#1086; &#1085;&#1072; &#1086;&#1076;&#1085;&#1091; &#1089;&#1073;&#1086;&#1088;&#1086;&#1095;&#1085;&#1091;&#1102; &#1077;&#1076;&#1080;&#1085;&#1080;&#1094;&#1091;" dest_type="2" dest_id="5" source_name="&#1057;&#1090;&#1086;&#1083;&#1073;&#1077;&#1094; E" source_type="2" source_id="5" source_x="5" source_y_start="1" source_y_end="22"></connection>
    </connections>
  </structure>
</importattrdependences>
