<import_layout>
  <user_layout user_id="IETM:53">
    <source_layout source="&#1050;&#1085;&#1080;&#1075;&#1072;1.xlsx">
      <attribute attr_id="2" width="150" position="0"></attribute>
      <attribute attr_id="3" width="150" position="1"></attribute>
      <attribute attr_id="6" width="150" position="2"></attribute>
      <attribute attr_id="8" width="150" position="3"></attribute>
      <attribute attr_id="1" width="150" position="4"></attribute>
      <attribute attr_id="4" width="150" position="5"></attribute>
      <attribute attr_id="7" width="150" position="6"></attribute>
      <attribute attr_id="5" width="150" position="7"></attribute>
      <main_options structure_show="1" options_show="0" sort_column="-1" sort_dir="asc"></main_options>
      <other_options set_link="0"></other_options>
    </source_layout>
  </user_layout>
</import_layout>
