<catalogue_data maxid="48">
  <item id="2">
    <attribute attr_id="0" attr_type="2" specialattr="1">
      <value id="0" val="&#1055;&#1086;&#1076;&#1096;&#1080;&#1087;&#1085;&#1080;&#1082; 1000907 &#1045;&#1058;&#1059; 500"></value>
    </attribute>
    <attribute attr_id="3" attr_type="1" specialattr="4">
      <value id="0" position="35"></value>
    </attribute>
    <attribute attr_id="5" attr_type="2">
      <value id="0" val="2"></value>
    </attribute>
  </item>
  <item id="3">
    <attribute attr_id="0" attr_type="2" specialattr="1">
      <value id="0" val="&#1042;&#1080;&#1085;&#1090; &#1042;&#1052;6-6g&#1093;16.48.019 &#1043;&#1054;&#1057;&#1058; 17475-80"></value>
    </attribute>
    <attribute attr_id="3" attr_type="1" specialattr="4">
      <value id="0" position="17"></value>
    </attribute>
    <attribute attr_id="5" attr_type="2">
      <value id="0" val="6"></value>
    </attribute>
  </item>
  <item id="4">
    <attribute attr_id="0" attr_type="2" specialattr="1">
      <value id="0" val="&#1042;&#1080;&#1085;&#1090; &#1042;.1&#1052;6-6g&#1093;22.48.019 &#1043;&#1054;&#1057;&#1058; 17473-80"></value>
    </attribute>
    <attribute attr_id="3" attr_type="1" specialattr="4">
      <value id="0" position="1"></value>
    </attribute>
    <attribute attr_id="5" attr_type="2">
      <value id="0" val="8"></value>
    </attribute>
  </item>
  <item id="6">
    <attribute attr_id="0" attr_type="2" specialattr="1">
      <value id="0" val="&#1064;&#1072;&#1081;&#1073;&#1072; 6&#1058;.65&#1043;.06 &#1043;&#1054;&#1057;&#1058; 6402-70"></value>
    </attribute>
    <attribute attr_id="3" attr_type="1" specialattr="4">
      <value id="0" position="2"></value>
    </attribute>
    <attribute attr_id="5" attr_type="2">
      <value id="0" val="8"></value>
    </attribute>
  </item>
  <item id="7">
    <attribute attr_id="0" attr_type="2" specialattr="1">
      <value id="0" val="&#1064;&#1072;&#1081;&#1073;&#1072; &#1040;6.01.019 &#1043;&#1054;&#1057;&#1058; 11371-78"></value>
    </attribute>
    <attribute attr_id="3" attr_type="1" specialattr="4">
      <value id="0" position="3"></value>
    </attribute>
    <attribute attr_id="5" attr_type="2">
      <value id="0" val="8"></value>
    </attribute>
  </item>
  <item id="8">
    <attribute attr_id="0" attr_type="2" specialattr="1">
      <value id="0" val="&#1055;&#1086;&#1076;&#1096;&#1080;&#1087;&#1085;&#1080;&#1082; 203 &#1045;&#1058;&#1059; 500"></value>
    </attribute>
    <attribute attr_id="3" attr_type="1" specialattr="4">
      <value id="0" position="5"></value>
    </attribute>
    <attribute attr_id="5" attr_type="2">
      <value id="0" val="1"></value>
    </attribute>
  </item>
  <item id="9">
    <attribute attr_id="0" attr_type="2" specialattr="1">
      <value id="0" val="&#1055;&#1086;&#1076;&#1096;&#1080;&#1087;&#1085;&#1080;&#1082; 7000108 &#1045;&#1058;&#1059; 500"></value>
    </attribute>
    <attribute attr_id="3" attr_type="1" specialattr="4">
      <value id="0" position="14"></value>
    </attribute>
    <attribute attr_id="5" attr_type="2">
      <value id="0" val="1"></value>
    </attribute>
  </item>
  <item id="10">
    <attribute attr_id="0" attr_type="2" specialattr="1">
      <value id="0" val="&#1042;&#1080;&#1085;&#1090; &#1042;&#1052;10-6g&#1093;22.48.019 &#1043;&#1054;&#1057;&#1058; 17475-80"></value>
    </attribute>
    <attribute attr_id="3" attr_type="1" specialattr="4">
      <value id="0" position="7"></value>
    </attribute>
    <attribute attr_id="5" attr_type="2">
      <value id="0" val="6"></value>
    </attribute>
  </item>
  <item id="11">
    <attribute attr_id="2" attr_type="2" specialattr="3">
      <value id="0" val="369.70.204"></value>
    </attribute>
    <attribute attr_id="0" attr_type="2" specialattr="1">
      <value id="0" val="&#1050;&#1088;&#1099;&#1096;&#1082;&#1072;"></value>
    </attribute>
    <attribute attr_id="6" attr_type="2">
      <value id="0" val="&#1055;&#1088;&#1091;&#1090;&#1086;&#1082; &#1040;&#1052;&#1075;6 &#1050;&#1056;65"></value>
    </attribute>
    <attribute attr_id="3" attr_type="1" specialattr="4">
      <value id="0" position="4"></value>
    </attribute>
    <attribute attr_id="5" attr_type="2">
      <value id="0" val="1"></value>
    </attribute>
    <attribute attr_id="7" attr_type="2">
      <value id="0" val="0,05"></value>
    </attribute>
  </item>
  <item id="12">
    <attribute attr_id="2" attr_type="2" specialattr="3">
      <value id="0" val="369.70.213"></value>
    </attribute>
    <attribute attr_id="0" attr_type="2" specialattr="1">
      <value id="0" val="&#1055;&#1088;&#1091;&#1078;&#1080;&#1085;&#1072;"></value>
    </attribute>
    <attribute attr_id="6" attr_type="2">
      <value id="0" val="&#1055;&#1088;&#1086;&#1074;&#1086;&#1083;&#1086;&#1082;&#1072; &#1041;-2-25"></value>
    </attribute>
    <attribute attr_id="3" attr_type="1" specialattr="4">
      <value id="0" position="24"></value>
    </attribute>
    <attribute attr_id="5" attr_type="2">
      <value id="0" val="2"></value>
    </attribute>
    <attribute attr_id="7" attr_type="2">
      <value id="0" val="0,013"></value>
    </attribute>
  </item>
  <item id="13">
    <attribute attr_id="2" attr_type="2" specialattr="3">
      <value id="0" val="369.70.515"></value>
    </attribute>
    <attribute attr_id="0" attr_type="2" specialattr="1">
      <value id="0" val="&#1042;&#1090;&#1091;&#1083;&#1082;&#1072;"></value>
    </attribute>
    <attribute attr_id="6" attr_type="2">
      <value id="0" val="&#1057;&#1090;&#1072;&#1083;&#1100; 45&#1061;"></value>
    </attribute>
    <attribute attr_id="3" attr_type="1" specialattr="4">
      <value id="0" position="37"></value>
    </attribute>
    <attribute attr_id="5" attr_type="2">
      <value id="0" val="2"></value>
    </attribute>
    <attribute attr_id="7" attr_type="2">
      <value id="0" val="0,018"></value>
    </attribute>
  </item>
  <item id="14">
    <attribute attr_id="2" attr_type="2" specialattr="3">
      <value id="0" val="369.70.517"></value>
    </attribute>
    <attribute attr_id="0" attr_type="2" specialattr="1">
      <value id="0" val="&#1057;&#1072;&#1083;&#1100;&#1085;&#1080;&#1082;"></value>
    </attribute>
    <attribute attr_id="6" attr_type="2">
      <value id="0" val="&#1042;&#1086;&#1081;&#1083;&#1086;&#1082; &#1058;&#1057; 5"></value>
    </attribute>
    <attribute attr_id="3" attr_type="1" specialattr="4">
      <value id="0" position="9"></value>
    </attribute>
    <attribute attr_id="5" attr_type="2">
      <value id="0" val="1"></value>
    </attribute>
    <attribute attr_id="7" attr_type="2">
      <value id="0" val="0,0007"></value>
    </attribute>
  </item>
  <item id="15">
    <attribute attr_id="2" attr_type="2" specialattr="3">
      <value id="0" val="369.70.601"></value>
    </attribute>
    <attribute attr_id="0" attr_type="2" specialattr="1">
      <value id="0" val="&#1042;&#1077;&#1085;&#1077;&#1094;"></value>
    </attribute>
    <attribute attr_id="6" attr_type="2">
      <value id="0" val="&#1041;&#1088;&#1040;&#1046;&#1052;&#1094; 10-3-1,5"></value>
    </attribute>
    <attribute attr_id="3" attr_type="1" specialattr="4">
      <value id="0" position="26"></value>
    </attribute>
    <attribute attr_id="5" attr_type="2">
      <value id="0" val="1"></value>
    </attribute>
    <attribute attr_id="7" attr_type="2">
      <value id="0" val="0,642"></value>
    </attribute>
  </item>
  <item id="16">
    <attribute attr_id="2" attr_type="2" specialattr="3">
      <value id="0" val="369.70.602"></value>
    </attribute>
    <attribute attr_id="0" attr_type="2" specialattr="1">
      <value id="0" val="&#1042;&#1072;&#1083; &#1095;&#1077;&#1088;&#1074;&#1103;&#1095;&#1085;&#1099;&#1081;"></value>
    </attribute>
    <attribute attr_id="6" attr_type="2">
      <value id="0" val="&#1057;&#1090;&#1072;&#1083;&#1100; 45&#1061;"></value>
    </attribute>
    <attribute attr_id="3" attr_type="1" specialattr="4">
      <value id="0" position="36"></value>
    </attribute>
    <attribute attr_id="5" attr_type="2">
      <value id="0" val="1"></value>
    </attribute>
    <attribute attr_id="7" attr_type="2">
      <value id="0" val="0,7"></value>
    </attribute>
  </item>
  <item id="17">
    <attribute attr_id="2" attr_type="2" specialattr="3">
      <value id="0" val="369.70.603"></value>
    </attribute>
    <attribute attr_id="0" attr_type="2" specialattr="1">
      <value id="0" val="&#1042;&#1090;&#1091;&#1083;&#1082;&#1072;"></value>
    </attribute>
    <attribute attr_id="6" attr_type="2">
      <value id="0" val="&#1057;&#1090;&#1072;&#1083;&#1100; 45&#1061;"></value>
    </attribute>
    <attribute attr_id="3" attr_type="1" specialattr="4">
      <value id="0" position="15"></value>
    </attribute>
    <attribute attr_id="5" attr_type="2">
      <value id="0" val="1"></value>
    </attribute>
    <attribute attr_id="7" attr_type="2">
      <value id="0" val="0,0075"></value>
    </attribute>
  </item>
  <item id="18">
    <attribute attr_id="2" attr_type="2" specialattr="3">
      <value id="0" val="369.70.604"></value>
    </attribute>
    <attribute attr_id="0" attr_type="2" specialattr="1">
      <value id="0" val="&#1050;&#1088;&#1099;&#1096;&#1082;&#1072;"></value>
    </attribute>
    <attribute attr_id="6" attr_type="2">
      <value id="0" val="&#1040;&#1051;9"></value>
    </attribute>
    <attribute attr_id="3" attr_type="1" specialattr="4">
      <value id="0" position="18"></value>
    </attribute>
    <attribute attr_id="5" attr_type="2">
      <value id="0" val="1"></value>
    </attribute>
    <attribute attr_id="7" attr_type="2">
      <value id="0" val="0,37"></value>
    </attribute>
  </item>
  <item id="19">
    <attribute attr_id="2" attr_type="2" specialattr="3">
      <value id="0" val="369.70.605"></value>
    </attribute>
    <attribute attr_id="0" attr_type="2" specialattr="1">
      <value id="0" val="&#1050;&#1088;&#1099;&#1096;&#1082;&#1072;"></value>
    </attribute>
    <attribute attr_id="6" attr_type="2">
      <value id="0" val="&#1057;&#1090;&#1072;&#1083;&#1100; 45&#1061;&#1051;-I"></value>
    </attribute>
    <attribute attr_id="3" attr_type="1" specialattr="4">
      <value id="0" position="8"></value>
    </attribute>
    <attribute attr_id="5" attr_type="2">
      <value id="0" val="1"></value>
    </attribute>
    <attribute attr_id="7" attr_type="2">
      <value id="0" val="0,44"></value>
    </attribute>
  </item>
  <item id="20">
    <attribute attr_id="2" attr_type="2" specialattr="3">
      <value id="0" val="369.70.606"></value>
    </attribute>
    <attribute attr_id="0" attr_type="2" specialattr="1">
      <value id="0" val="&#1042;&#1090;&#1091;&#1083;&#1082;&#1072;"></value>
    </attribute>
    <attribute attr_id="6" attr_type="2">
      <value id="0" val="&#1057;&#1090;&#1072;&#1083;&#1100; 45"></value>
    </attribute>
    <attribute attr_id="3" attr_type="1" specialattr="4">
      <value id="0" position="23"></value>
    </attribute>
    <attribute attr_id="5" attr_type="2">
      <value id="0" val="1"></value>
    </attribute>
    <attribute attr_id="7" attr_type="2">
      <value id="0" val="0,0066"></value>
    </attribute>
  </item>
  <item id="21">
    <attribute attr_id="2" attr_type="2" specialattr="3">
      <value id="0" val="369.70.608"></value>
    </attribute>
    <attribute attr_id="0" attr_type="2" specialattr="1">
      <value id="0" val="&#1055;&#1088;&#1086;&#1082;&#1083;&#1072;&#1076;&#1082;&#1072;"></value>
    </attribute>
    <attribute attr_id="6" attr_type="2">
      <value id="0" val="&#1057;&#1090;&#1072;&#1083;&#1100; 10-S"></value>
    </attribute>
    <attribute attr_id="3" attr_type="1" specialattr="4">
      <value id="0" position="10"></value>
    </attribute>
    <attribute attr_id="5" attr_type="2">
      <value id="0" val="3"></value>
    </attribute>
    <attribute attr_id="7" attr_type="2">
      <value id="0" val="0,0035"></value>
    </attribute>
  </item>
  <item id="22">
    <attribute attr_id="2" attr_type="2" specialattr="3">
      <value id="0" val="369.70.608-01"></value>
    </attribute>
    <attribute attr_id="0" attr_type="2" specialattr="1">
      <value id="0" val="&#1055;&#1088;&#1086;&#1082;&#1083;&#1072;&#1076;&#1082;&#1072;"></value>
    </attribute>
    <attribute attr_id="6" attr_type="2">
      <value id="0" val="&#1057;&#1090;&#1072;&#1083;&#1100; 10-S"></value>
    </attribute>
    <attribute attr_id="3" attr_type="1" specialattr="4">
      <value id="0" position="11"></value>
    </attribute>
    <attribute attr_id="5" attr_type="2">
      <value id="0" val="3"></value>
    </attribute>
    <attribute attr_id="7" attr_type="2">
      <value id="0" val="0,0047"></value>
    </attribute>
  </item>
  <item id="23">
    <attribute attr_id="2" attr_type="2" specialattr="3">
      <value id="0" val="369.70.608-02"></value>
    </attribute>
    <attribute attr_id="0" attr_type="2" specialattr="1">
      <value id="0" val="&#1055;&#1088;&#1086;&#1082;&#1083;&#1072;&#1076;&#1082;&#1072;"></value>
    </attribute>
    <attribute attr_id="6" attr_type="2">
      <value id="0" val="&#1057;&#1090;&#1072;&#1083;&#1100; 10-S"></value>
    </attribute>
    <attribute attr_id="3" attr_type="1" specialattr="4">
      <value id="0" position="12"></value>
    </attribute>
    <attribute attr_id="5" attr_type="2">
      <value id="0" val="3"></value>
    </attribute>
    <attribute attr_id="7" attr_type="2">
      <value id="0" val="0,0095"></value>
    </attribute>
  </item>
  <item id="24">
    <attribute attr_id="2" attr_type="2" specialattr="3">
      <value id="0" val="369.70.608-03"></value>
    </attribute>
    <attribute attr_id="0" attr_type="2" specialattr="1">
      <value id="0" val="&#1055;&#1088;&#1086;&#1082;&#1083;&#1072;&#1076;&#1082;&#1072;"></value>
    </attribute>
    <attribute attr_id="6" attr_type="2">
      <value id="0" val="&#1057;&#1090;&#1072;&#1083;&#1100; 10"></value>
    </attribute>
    <attribute attr_id="3" attr_type="1" specialattr="4">
      <value id="0" position="13"></value>
    </attribute>
    <attribute attr_id="5" attr_type="2">
      <value id="0" val="3"></value>
    </attribute>
    <attribute attr_id="7" attr_type="2">
      <value id="0" val="0,025"></value>
    </attribute>
  </item>
  <item id="25">
    <attribute attr_id="2" attr_type="2" specialattr="3">
      <value id="0" val="369.70.609"></value>
    </attribute>
    <attribute attr_id="0" attr_type="2" specialattr="1">
      <value id="0" val="&#1055;&#1088;&#1086;&#1082;&#1083;&#1072;&#1076;&#1082;&#1072;"></value>
    </attribute>
    <attribute attr_id="6" attr_type="2">
      <value id="0" val="&#1057;&#1090;&#1072;&#1083;&#1100; 10-S"></value>
    </attribute>
    <attribute attr_id="3" attr_type="1" specialattr="4">
      <value id="0" position="22"></value>
    </attribute>
    <attribute attr_id="5" attr_type="2">
      <value id="0" val="3"></value>
    </attribute>
    <attribute attr_id="7" attr_type="2">
      <value id="0" val="0,00405"></value>
    </attribute>
  </item>
  <item id="26">
    <attribute attr_id="2" attr_type="2" specialattr="3">
      <value id="0" val="369.70.609-01"></value>
    </attribute>
    <attribute attr_id="0" attr_type="2" specialattr="1">
      <value id="0" val="&#1055;&#1088;&#1086;&#1082;&#1083;&#1072;&#1076;&#1082;&#1072;"></value>
    </attribute>
    <attribute attr_id="6" attr_type="2">
      <value id="0" val="&#1057;&#1090;&#1072;&#1083;&#1100; 10-S"></value>
    </attribute>
    <attribute attr_id="3" attr_type="1" specialattr="4">
      <value id="0" position="21"></value>
    </attribute>
    <attribute attr_id="5" attr_type="2">
      <value id="0" val="3"></value>
    </attribute>
    <attribute attr_id="7" attr_type="2">
      <value id="0" val="0,0054"></value>
    </attribute>
  </item>
  <item id="27">
    <attribute attr_id="2" attr_type="2" specialattr="3">
      <value id="0" val="369.70.609-02"></value>
    </attribute>
    <attribute attr_id="0" attr_type="2" specialattr="1">
      <value id="0" val="&#1055;&#1088;&#1086;&#1082;&#1083;&#1072;&#1076;&#1082;&#1072;"></value>
    </attribute>
    <attribute attr_id="6" attr_type="2">
      <value id="0" val="&#1057;&#1090;&#1072;&#1083;&#1100; 10-S"></value>
    </attribute>
    <attribute attr_id="3" attr_type="1" specialattr="4">
      <value id="0" position="20"></value>
    </attribute>
    <attribute attr_id="5" attr_type="2">
      <value id="0" val="3"></value>
    </attribute>
    <attribute attr_id="7" attr_type="2">
      <value id="0" val="0,0081"></value>
    </attribute>
  </item>
  <item id="28">
    <attribute attr_id="2" attr_type="2" specialattr="3">
      <value id="0" val="369.70.609-03"></value>
    </attribute>
    <attribute attr_id="0" attr_type="2" specialattr="1">
      <value id="0" val="&#1055;&#1088;&#1086;&#1082;&#1083;&#1072;&#1076;&#1082;&#1072;"></value>
    </attribute>
    <attribute attr_id="6" attr_type="2">
      <value id="0" val="&#1057;&#1090;&#1072;&#1083;&#1100; 10"></value>
    </attribute>
    <attribute attr_id="3" attr_type="1" specialattr="4">
      <value id="0" position="19"></value>
    </attribute>
    <attribute attr_id="5" attr_type="2">
      <value id="0" val="3"></value>
    </attribute>
    <attribute attr_id="7" attr_type="2">
      <value id="0" val="0,0216"></value>
    </attribute>
  </item>
  <item id="29">
    <attribute attr_id="2" attr_type="2" specialattr="3">
      <value id="0" val="369.70.611"></value>
    </attribute>
    <attribute attr_id="0" attr_type="2" specialattr="1">
      <value id="0" val="&#1050;&#1086;&#1088;&#1087;&#1091;&#1089;"></value>
    </attribute>
    <attribute attr_id="3" attr_type="1" specialattr="4">
      <value id="0" position="6"></value>
    </attribute>
    <attribute attr_id="5" attr_type="2">
      <value id="0" val="1"></value>
    </attribute>
    <attribute attr_id="7" attr_type="2">
      <value id="0" val="1,07"></value>
    </attribute>
  </item>
  <item id="31">
    <attribute attr_id="2" attr_type="2" specialattr="3">
      <value id="0" val="369.63.513"></value>
    </attribute>
    <attribute attr_id="0" attr_type="2" specialattr="1">
      <value id="0" val="&#1050;&#1088;&#1099;&#1096;&#1082;&#1072;"></value>
    </attribute>
    <attribute attr_id="3" attr_type="1" specialattr="4">
      <value id="0" position="29"></value>
    </attribute>
    <attribute attr_id="5" attr_type="2">
      <value id="0" val="1"></value>
    </attribute>
  </item>
  <item id="32">
    <attribute attr_id="2" attr_type="2" specialattr="3">
      <value id="0" val="369.63.516"></value>
    </attribute>
    <attribute attr_id="0" attr_type="2" specialattr="1">
      <value id="0" val="&#1055;&#1088;&#1086;&#1082;&#1083;&#1072;&#1076;&#1082;&#1072;"></value>
    </attribute>
    <attribute attr_id="3" attr_type="1" specialattr="4">
      <value id="0" position="33"></value>
    </attribute>
    <attribute attr_id="5" attr_type="2">
      <value id="0" val="3"></value>
    </attribute>
  </item>
  <item id="33">
    <attribute attr_id="2" attr_type="2" specialattr="3">
      <value id="0" val="369.63.516-01"></value>
    </attribute>
    <attribute attr_id="0" attr_type="2" specialattr="1">
      <value id="0" val="&#1055;&#1088;&#1086;&#1082;&#1083;&#1072;&#1076;&#1082;&#1072;"></value>
    </attribute>
    <attribute attr_id="3" attr_type="1" specialattr="4">
      <value id="0" position="32"></value>
    </attribute>
    <attribute attr_id="5" attr_type="2">
      <value id="0" val="3"></value>
    </attribute>
  </item>
  <item id="34">
    <attribute attr_id="2" attr_type="2" specialattr="3">
      <value id="0" val="369.63.516-02"></value>
    </attribute>
    <attribute attr_id="0" attr_type="2" specialattr="1">
      <value id="0" val="&#1055;&#1088;&#1086;&#1082;&#1083;&#1072;&#1076;&#1082;&#1072;"></value>
    </attribute>
    <attribute attr_id="3" attr_type="1" specialattr="4">
      <value id="0" position="31"></value>
    </attribute>
    <attribute attr_id="5" attr_type="2">
      <value id="0" val="3"></value>
    </attribute>
  </item>
  <item id="35">
    <attribute attr_id="2" attr_type="2" specialattr="3">
      <value id="0" val="369.63.516-03"></value>
    </attribute>
    <attribute attr_id="0" attr_type="2" specialattr="1">
      <value id="0" val="&#1055;&#1088;&#1086;&#1082;&#1083;&#1072;&#1076;&#1082;&#1072;"></value>
    </attribute>
    <attribute attr_id="3" attr_type="1" specialattr="4">
      <value id="0" position="30"></value>
    </attribute>
    <attribute attr_id="5" attr_type="2">
      <value id="0" val="3"></value>
    </attribute>
  </item>
  <item id="36">
    <attribute attr_id="2" attr_type="2" specialattr="3">
      <value id="0" val="369.63.525"></value>
    </attribute>
    <attribute attr_id="0" attr_type="2" specialattr="1">
      <value id="0" val="&#1057;&#1072;&#1083;&#1100;&#1085;&#1080;&#1082;"></value>
    </attribute>
    <attribute attr_id="3" attr_type="1" specialattr="4">
      <value id="0" position="34"></value>
    </attribute>
    <attribute attr_id="5" attr_type="2">
      <value id="0" val="1"></value>
    </attribute>
  </item>
  <item id="40" maxid="5">
    <attribute attr_id="3" attr_type="1" specialattr="4">
      <value id="0" val="" position="28"></value>
    </attribute>
    <attribute attr_id="0" attr_type="2" specialattr="1">
      <value id="1" val="&#1047;&#1072;&#1082;&#1083;&#1077;&#1087;&#1082;&#1072; 4*18.01.10 &#1043;&#1054;&#1057;&#1058; 10300-80"></value>
    </attribute>
    <attribute attr_id="5" attr_type="2">
      <value id="4" val="6"></value>
    </attribute>
  </item>
  <item id="41" maxid="11">
    <attribute attr_id="3" attr_type="1" specialattr="4">
      <value id="0" val="" position="27"></value>
    </attribute>
    <attribute attr_id="2" attr_type="2" specialattr="3">
      <value id="1" val="369.70.621"></value>
    </attribute>
    <attribute attr_id="0" attr_type="2" specialattr="1">
      <value id="2" val="&#1042;&#1077;&#1085;&#1077;&#1094;"></value>
    </attribute>
    <attribute attr_id="5" attr_type="2">
      <value id="6" val="1"></value>
    </attribute>
    <attribute attr_id="6" attr_type="2">
      <value id="7" val="&#1041;&#1088; &#1040;&#1046; 9-4"></value>
    </attribute>
    <attribute attr_id="7" attr_type="2">
      <value id="10" val="1,1"></value>
    </attribute>
  </item>
  <item id="44" maxid="7">
    <attribute attr_id="2" attr_type="2" specialattr="3">
      <value id="0" val="369.70.623"></value>
    </attribute>
    <attribute attr_id="0" attr_type="2" specialattr="1">
      <value id="1" val="&#1042;&#1072;&#1083;"></value>
    </attribute>
    <attribute attr_id="5" attr_type="2">
      <value id="3" val="1"></value>
    </attribute>
    <attribute attr_id="6" attr_type="2">
      <value id="4" val="&#1057;&#1090;&#1072;&#1083;&#1100; 45&#1061;&#1057;"></value>
    </attribute>
    <attribute attr_id="7" attr_type="2">
      <value id="5" val="0,86"></value>
    </attribute>
    <attribute attr_id="3" attr_type="1" specialattr="4">
      <value id="6" val="" position="25"></value>
    </attribute>
  </item>
  <item id="46" maxid="5">
    <attribute attr_id="3" attr_type="1" specialattr="4">
      <value id="0" val="" position="16"></value>
    </attribute>
    <attribute attr_id="2" attr_type="2" specialattr="3"></attribute>
    <attribute attr_id="0" attr_type="2" specialattr="1">
      <value id="2" val="&#1064;&#1090;&#1080;&#1092;&#1090; 5u8&#1093;16 &#1054;&#1057;&#1058; 3-2234-80"></value>
    </attribute>
    <attribute attr_id="5" attr_type="2">
      <value id="4" val="2"></value>
    </attribute>
  </item>
</catalogue_data>
