<catalogue_structure id="0" printcards="0">
  <item id="4" name="&#1042;&#1080;&#1085;&#1090; &#1042;.1&#1052;6-6g&#1093;22.48.019 &#1043;&#1054;&#1057;&#1058; 17473-80" specprn="" speccode=""></item>
  <item id="6" name="&#1064;&#1072;&#1081;&#1073;&#1072; 6&#1058;.65&#1043;.06 &#1043;&#1054;&#1057;&#1058; 6402-70" specprn="" speccode=""></item>
  <item id="7" name="&#1064;&#1072;&#1081;&#1073;&#1072; &#1040;6.01.019 &#1043;&#1054;&#1057;&#1058; 11371-78" specprn="" speccode=""></item>
  <item id="11" name="&#1050;&#1088;&#1099;&#1096;&#1082;&#1072;" specprn="" speccode="369.70.204"></item>
  <item id="8" name="&#1055;&#1086;&#1076;&#1096;&#1080;&#1087;&#1085;&#1080;&#1082; 203 &#1045;&#1058;&#1059; 500" specprn="" speccode=""></item>
  <item id="29" name="&#1050;&#1086;&#1088;&#1087;&#1091;&#1089;" specprn="" speccode="369.70.611"></item>
  <item id="10" name="&#1042;&#1080;&#1085;&#1090; &#1042;&#1052;10-6g&#1093;22.48.019 &#1043;&#1054;&#1057;&#1058; 17475-80" specprn="" speccode=""></item>
  <item id="19" name="&#1050;&#1088;&#1099;&#1096;&#1082;&#1072;" specprn="" speccode="369.70.605"></item>
  <item id="14" name="&#1057;&#1072;&#1083;&#1100;&#1085;&#1080;&#1082;" specprn="" speccode="369.70.517"></item>
  <item id="21" name="&#1055;&#1088;&#1086;&#1082;&#1083;&#1072;&#1076;&#1082;&#1072;" specprn="" speccode="369.70.608"></item>
  <item id="22" name="&#1055;&#1088;&#1086;&#1082;&#1083;&#1072;&#1076;&#1082;&#1072;" specprn="" speccode="369.70.608-01"></item>
  <item id="23" name="&#1055;&#1088;&#1086;&#1082;&#1083;&#1072;&#1076;&#1082;&#1072;" specprn="" speccode="369.70.608-02"></item>
  <item id="24" name="&#1055;&#1088;&#1086;&#1082;&#1083;&#1072;&#1076;&#1082;&#1072;" specprn="" speccode="369.70.608-03"></item>
  <item id="9" name="&#1055;&#1086;&#1076;&#1096;&#1080;&#1087;&#1085;&#1080;&#1082; 7000108 &#1045;&#1058;&#1059; 500" specprn="" speccode=""></item>
  <item id="17" name="&#1042;&#1090;&#1091;&#1083;&#1082;&#1072;" specprn="" speccode="369.70.603"></item>
  <item id="46" name="&#1064;&#1090;&#1080;&#1092;&#1090; 5u8&#1093;16 &#1054;&#1057;&#1058; 3-2234-80" specprn="" speccode=""></item>
  <item id="3" name="&#1042;&#1080;&#1085;&#1090; &#1042;&#1052;6-6g&#1093;16.48.019 &#1043;&#1054;&#1057;&#1058; 17475-80" specprn="" speccode=""></item>
  <item id="18" name="&#1050;&#1088;&#1099;&#1096;&#1082;&#1072;" specprn="" speccode="369.70.604"></item>
  <item id="28" name="&#1055;&#1088;&#1086;&#1082;&#1083;&#1072;&#1076;&#1082;&#1072;" specprn="" speccode="369.70.609-03"></item>
  <item id="27" name="&#1055;&#1088;&#1086;&#1082;&#1083;&#1072;&#1076;&#1082;&#1072;" specprn="" speccode="369.70.609-02"></item>
  <item id="26" name="&#1055;&#1088;&#1086;&#1082;&#1083;&#1072;&#1076;&#1082;&#1072;" specprn="" speccode="369.70.609-01"></item>
  <item id="25" name="&#1055;&#1088;&#1086;&#1082;&#1083;&#1072;&#1076;&#1082;&#1072;" specprn="" speccode="369.70.609"></item>
  <item id="20" name="&#1042;&#1090;&#1091;&#1083;&#1082;&#1072;" specprn="" speccode="369.70.606"></item>
  <item id="12" name="&#1055;&#1088;&#1091;&#1078;&#1080;&#1085;&#1072;" specprn="" speccode="369.70.213"></item>
  <item id="44" name="&#1042;&#1072;&#1083;" specprn="" speccode="369.70.623"></item>
  <item id="15" name="&#1042;&#1077;&#1085;&#1077;&#1094;" specprn="" speccode="369.70.601"></item>
  <item id="41" name="&#1042;&#1077;&#1085;&#1077;&#1094;" specprn="" speccode="369.70.621"></item>
  <item id="40" name="&#1047;&#1072;&#1082;&#1083;&#1077;&#1087;&#1082;&#1072; 4*18.01.10 &#1043;&#1054;&#1057;&#1058; 10300-80" specprn="" speccode=""></item>
  <item id="31" name="&#1050;&#1088;&#1099;&#1096;&#1082;&#1072;" specprn="" speccode="369.63.513"></item>
  <item id="35" name="&#1055;&#1088;&#1086;&#1082;&#1083;&#1072;&#1076;&#1082;&#1072;" specprn="" speccode="369.63.516-03"></item>
  <item id="34" name="&#1055;&#1088;&#1086;&#1082;&#1083;&#1072;&#1076;&#1082;&#1072;" specprn="" speccode="369.63.516-02"></item>
  <item id="33" name="&#1055;&#1088;&#1086;&#1082;&#1083;&#1072;&#1076;&#1082;&#1072;" specprn="" speccode="369.63.516-01"></item>
  <item id="32" name="&#1055;&#1088;&#1086;&#1082;&#1083;&#1072;&#1076;&#1082;&#1072;" specprn="" speccode="369.63.516"></item>
  <item id="36" name="&#1057;&#1072;&#1083;&#1100;&#1085;&#1080;&#1082;" specprn="" speccode="369.63.525"></item>
  <item id="2" name="&#1055;&#1086;&#1076;&#1096;&#1080;&#1087;&#1085;&#1080;&#1082; 1000907 &#1045;&#1058;&#1059; 500" specprn="" speccode=""></item>
  <item id="16" name="&#1042;&#1072;&#1083; &#1095;&#1077;&#1088;&#1074;&#1103;&#1095;&#1085;&#1099;&#1081;" specprn="" speccode="369.70.602"></item>
  <item id="13" name="&#1042;&#1090;&#1091;&#1083;&#1082;&#1072;" specprn="" speccode="369.70.515"></item>
</catalogue_structure>
