<catalogue_structure id="0" printcards="0">
  <item id="5" name="&#1055;&#1088;&#1086;&#1073;&#1082;&#1072; &#1092;&#1080;&#1082;&#1089;&#1072;&#1090;&#1086;&#1088;&#1072;" specprn="" speccode="&#1050;241-61-6195"></item>
  <item id="4" name="&#1055;&#1088;&#1091;&#1078;&#1080;&#1085;&#1072;" specprn="" speccode="369-38-1799"></item>
  <item id="2" name="&#1064;&#1072;&#1088;&#1080;&#1082; 8-200 &#1045;&#1058;&#1059; 500" specprn="" speccode=""></item>
  <item id="3" name="&#1062;&#1072;&#1085;&#1075;&#1072;" specprn="" speccode="369.70.011"></item>
</catalogue_structure>
