<document maxid="0">
  <structure></structure>
  <multimedia></multimedia>
  <tables></tables>
  <illustrations maxid="30">
    <illustration name="&#1062;&#1072;&#1085;&#1075;&#1072; " type="3" showname="1" caption="&#60;UOM  Version = &#34;5.7&#34; &#62;&#13;&#10;&#13;&#10;&#60;EmptyElements&#62;&#13;&#10;  &#60;UChars&#62;&#13;&#10;  &#60;UControlParam&#62;&#13;&#10;  &#60;UCol&#62;&#13;&#10;  &#60;UFile&#62;&#13;&#10;&#60;/EmptyElements&#62;&#13;&#10;&#13;&#10;&#60;UDocument  ID = 4 &#62;&#13;&#10;  &#60;UParagraph  ID = 0  HAlign = Left &#62;&#13;&#10;    &#60;UChars  ID = 3  Font = &#34;Tahoma&#34;  Size = 13.333  Text = &#34;&#1062;&#1072;&#1085;&#1075;&#1072;&#34; &#62;&#13;&#10;    &#60;UChars  ID = 2  Font = &#34;Tahoma&#34;  Size = 13.333 &#62;&#13;&#10;  &#60;/UParagraph&#62;&#13;&#10;&#60;/UDocument&#62;&#13;&#10;" callouts="0" icn="" icn_footer="0" node_id="IETM:26597" id="29"></illustration>
  </illustrations>
  <changes></changes>
  <applics xml="&#60;?xml version=&#34;1.0&#34; encoding=&#34;utf-8&#34;?&#62;&#13;&#10;&#60;dm_data&#62;&#60;inlineapplics/&#62;&#60;/dm_data&#62;&#13;&#10;"></applics>
</document>
