<catalogueindexes maxid="3">
  <index id="0" name="&#1053;&#1072;&#1080;&#1084;&#1077;&#1085;&#1086;&#1074;&#1072;&#1085;&#1080;&#1077;" constant="1">
    <template id="ALL" name="&#1042;&#1089;&#1077;" constant="1">
      <attribute id="NOMEN" name="&#1053;&#1072;&#1080;&#1084;&#1077;&#1085;&#1086;&#1074;&#1072;&#1085;&#1080;&#1077;" constant="1">
      </attribute>
    </template>
  </index>
  <index id="1" name="&#1054;&#1073;&#1086;&#1079;&#1085;&#1072;&#1095;&#1077;&#1085;&#1080;&#1077;" constant="1">
    <template id="ALL" name="&#1042;&#1089;&#1077;" constant="1">
      <attribute id="PRN" name="&#1054;&#1073;&#1086;&#1079;&#1085;&#1072;&#1095;&#1077;&#1085;&#1080;&#1077;" constant="1">
      </attribute>
    </template>
  </index>
  <index id="2" name="&#1050;&#1086;&#1076;" constant="1">
    <template id="ALL" name="&#1042;&#1089;&#1077;" constant="1">
      <attribute id="CODE" name="&#1050;&#1086;&#1076;" constant="1">
      </attribute>
    </template>
  </index>
</catalogueindexes>
