<catalogue_data maxid="7">
  <item id="5">
    <attribute attr_id="2" attr_type="2" specialattr="3">
      <value id="0" val="369.70.951"></value>
    </attribute>
    <attribute attr_id="0" attr_type="2" specialattr="1">
      <value id="0" val="&#1050;&#1088;&#1099;&#1096;&#1082;&#1072;"></value>
    </attribute>
    <attribute attr_id="6" attr_type="2">
      <value id="0" val="&#1057;&#1090;&#1072;&#1083;&#1100; 45"></value>
    </attribute>
    <attribute attr_id="3" attr_type="1" specialattr="4">
      <value id="0" position="2"></value>
    </attribute>
    <attribute attr_id="5" attr_type="2">
      <value id="0" val="1"></value>
    </attribute>
    <attribute attr_id="7" attr_type="2">
      <value id="0" val="0,06"></value>
    </attribute>
  </item>
  <item id="6">
    <attribute attr_id="2" attr_type="2" specialattr="3">
      <value id="0" val="369-56-213"></value>
    </attribute>
    <attribute attr_id="0" attr_type="2" specialattr="1">
      <value id="0" val="&#1042;&#1090;&#1091;&#1083;&#1082;&#1072;"></value>
    </attribute>
    <attribute attr_id="3" attr_type="1" specialattr="4">
      <value id="0" position="1"></value>
    </attribute>
    <attribute attr_id="5" attr_type="2">
      <value id="0" val="1"></value>
    </attribute>
  </item>
</catalogue_data>
