<catalogue_structure id="0" printcards="0">
  <item id="7" name="&#1042;&#1080;&#1085;&#1090; &#1052;4-6g*12.48.016 &#1043;&#1054;&#1057;&#1058; 17475-80" specprn="" speccode=""></item>
  <item id="20" name="&#1050;&#1088;&#1099;&#1096;&#1082;&#1072;" specprn="" speccode="369.70.950"></item>
  <item id="12" name="&#1055;&#1088;&#1086;&#1082;&#1083;&#1072;&#1076;&#1082;&#1072;" specprn="" speccode="369.70.915"></item>
  <item id="13" name="&#1055;&#1088;&#1086;&#1082;&#1083;&#1072;&#1076;&#1082;&#1072;" specprn="" speccode="369.70.915-01"></item>
  <item id="14" name="&#1055;&#1088;&#1086;&#1082;&#1083;&#1072;&#1076;&#1082;&#1072;" specprn="" speccode="369.70.915-02"></item>
  <item id="15" name="&#1055;&#1088;&#1086;&#1082;&#1083;&#1072;&#1076;&#1082;&#1072;" specprn="" speccode="369.70.915-03"></item>
  <item id="9" name="&#1063;&#1077;&#1088;&#1074;&#1103;&#1082;" specprn="" speccode="369.70.902"></item>
  <item id="4" name="&#1042;&#1080;&#1085;&#1090; &#1052;4-6g*10.48.016 &#1043;&#1054;&#1057;&#1058; 17473-80" specprn="" speccode=""></item>
  <item id="3" name="&#1064;&#1072;&#1081;&#1073;&#1072; 4&#1058;.65&#1043;.05 &#1043;&#1054;&#1057;&#1058; 6402-70" specprn="" speccode=""></item>
  <item id="2" name="&#1064;&#1072;&#1081;&#1073;&#1072; &#1040;4.02.019 &#1043;&#1054;&#1057;&#1058; 11371-78" specprn="" speccode=""></item>
  <item id="11" name="&#1050;&#1086;&#1078;&#1091;&#1093;" specprn="" speccode="369.70.914"></item>
  <item id="24" name="&#1054;&#1089;&#1100;" specprn="" speccode="369-48-218"></item>
  <item id="18" name="&#1052;&#1072;&#1093;&#1086;&#1074;&#1080;&#1082;" specprn="" speccode="369.70.930"></item>
  <item id="10" name="&#1050;&#1088;&#1086;&#1085;&#1096;&#1090;&#1077;&#1081;&#1085;" specprn="" speccode="369.70.913"></item>
  <item id="8" name="&#1050;&#1086;&#1083;&#1100;&#1094;&#1086; &#1042;10.&#1061;&#1080;&#1084;.&#1054;&#1082;&#1089;.&#1087;&#1088;&#1084;. &#1043;&#1054;&#1057;&#1058; 13942-86" specprn="" speccode=""></item>
  <item id="19" name="&#1042;&#1080;&#1083;&#1082;&#1072;" specprn="" speccode="369.70.940"></item>
  <item id="16" name="&#1054;&#1089;&#1100;" specprn="" speccode="369.70.918"></item>
  <item id="17" name="&#1060;&#1080;&#1082;&#1089;&#1072;&#1090;&#1086;&#1088;" specprn="" speccode="369.70.919"></item>
  <item id="23" name="&#1055;&#1088;&#1091;&#1078;&#1080;&#1085;&#1072;" specprn="" speccode="369-38-7"></item>
  <item id="21" name="&#1050;&#1088;&#1086;&#1085;&#1096;&#1090;&#1077;&#1081;&#1085;" specprn="" speccode="369.70.990"></item>
  <item id="22" name="&#1056;&#1091;&#1095;&#1082;&#1072;" specprn="" speccode="369-62-86"></item>
  <item id="5" name="&#1064;&#1090;&#1080;&#1092;&#1090; 3u8*16 &#1054;&#1057;&#1058; 3-2234-80" specprn="" speccode=""></item>
</catalogue_structure>
