<catalogue_data maxid="145">
  <item id="110">
    <attribute attr_id="0" attr_type="2" specialattr="1">
      <value id="0" val="&#1064;&#1087;&#1083;&#1080;&#1085;&#1090; 3,2*25.019 &#1043;&#1054;&#1057;&#1058; 397-79"></value>
    </attribute>
    <attribute attr_id="3" attr_type="1" specialattr="4">
      <value id="0" position="1"></value>
    </attribute>
    <attribute attr_id="5" attr_type="2">
      <value id="0" val="1"></value>
    </attribute>
  </item>
  <item id="111">
    <attribute attr_id="0" attr_type="2" specialattr="1">
      <value id="0" val="&#1043;&#1072;&#1081;&#1082;&#1072; &#1052;14-6&#1053;.8.019 &#1043;&#1054;&#1057;&#1058; 5933-73"></value>
    </attribute>
    <attribute attr_id="3" attr_type="1" specialattr="4">
      <value id="0" position="2"></value>
    </attribute>
    <attribute attr_id="5" attr_type="2">
      <value id="0" val="1"></value>
    </attribute>
  </item>
  <item id="112">
    <attribute attr_id="0" attr_type="2" specialattr="1">
      <value id="0" val="&#1055;&#1086;&#1076;&#1096;&#1080;&#1087;&#1085;&#1080;&#1082; 1000907 &#1045;&#1058;&#1059; 500"></value>
    </attribute>
    <attribute attr_id="3" attr_type="1" specialattr="4">
      <value id="0" position="14"></value>
    </attribute>
    <attribute attr_id="5" attr_type="2">
      <value id="0" val="2"></value>
    </attribute>
  </item>
  <item id="113">
    <attribute attr_id="0" attr_type="2" specialattr="1">
      <value id="0" val="&#1064;&#1072;&#1081;&#1073;&#1072; &#1040;6.01.019 &#1043;&#1054;&#1057;&#1058; 11371-78"></value>
    </attribute>
    <attribute attr_id="3" attr_type="1" specialattr="4">
      <value id="0" position="25"></value>
    </attribute>
    <attribute attr_id="5" attr_type="2">
      <value id="0" val="10"></value>
    </attribute>
  </item>
  <item id="114">
    <attribute attr_id="0" attr_type="2" specialattr="1">
      <value id="0" val="&#1064;&#1072;&#1081;&#1073;&#1072; 6&#1058;.65&#1043;.06 &#1043;&#1054;&#1057;&#1058; 6402-70"></value>
    </attribute>
    <attribute attr_id="3" attr_type="1" specialattr="4">
      <value id="0" position="26"></value>
    </attribute>
    <attribute attr_id="5" attr_type="2">
      <value id="0" val="10"></value>
    </attribute>
  </item>
  <item id="115">
    <attribute attr_id="0" attr_type="2" specialattr="1">
      <value id="0" val="&#1042;&#1080;&#1085;&#1090; &#1042;.1&#1052;6-6g&#1093;22.48.019 &#1043;&#1054;&#1057;&#1058; 17473-80"></value>
    </attribute>
    <attribute attr_id="3" attr_type="1" specialattr="4">
      <value id="0" position="27"></value>
    </attribute>
    <attribute attr_id="5" attr_type="2">
      <value id="0" val="10"></value>
    </attribute>
  </item>
  <item id="116">
    <attribute attr_id="0" attr_type="2" specialattr="1">
      <value id="0" val="&#1055;&#1086;&#1076;&#1096;&#1080;&#1087;&#1085;&#1080;&#1082; 80202 &#1045;&#1058;&#1059; 500"></value>
    </attribute>
    <attribute attr_id="3" attr_type="1" specialattr="4">
      <value id="0" position="30"></value>
    </attribute>
    <attribute attr_id="5" attr_type="2">
      <value id="0" val="2"></value>
    </attribute>
  </item>
  <item id="117">
    <attribute attr_id="2" attr_type="2" specialattr="3">
      <value id="0" val="369.70.501"></value>
    </attribute>
    <attribute attr_id="0" attr_type="2" specialattr="1">
      <value id="0" val="&#1064;&#1077;&#1089;&#1090;&#1077;&#1088;&#1085;&#1103;"></value>
    </attribute>
    <attribute attr_id="6" attr_type="2">
      <value id="0" val="&#1057;&#1090;&#1072;&#1083;&#1100; 45&#1061;"></value>
    </attribute>
    <attribute attr_id="3" attr_type="1" specialattr="4">
      <value id="0" position="5"></value>
    </attribute>
    <attribute attr_id="7" attr_type="2">
      <value id="0" val="0,51"></value>
    </attribute>
    <attribute attr_id="5" attr_type="2">
      <value id="0" val="1"></value>
    </attribute>
  </item>
  <item id="118">
    <attribute attr_id="2" attr_type="2" specialattr="3">
      <value id="0" val="369.70.502"></value>
    </attribute>
    <attribute attr_id="0" attr_type="2" specialattr="1">
      <value id="0" val="&#1064;&#1077;&#1089;&#1090;&#1077;&#1088;&#1085;&#1103;"></value>
    </attribute>
    <attribute attr_id="6" attr_type="2">
      <value id="0" val="&#1057;&#1090;&#1072;&#1083;&#1100; 45&#1061;"></value>
    </attribute>
    <attribute attr_id="3" attr_type="1" specialattr="4">
      <value id="0" position="34"></value>
    </attribute>
    <attribute attr_id="7" attr_type="2">
      <value id="0" val="0,075"></value>
    </attribute>
    <attribute attr_id="5" attr_type="2">
      <value id="0" val="1"></value>
    </attribute>
  </item>
  <item id="119">
    <attribute attr_id="2" attr_type="2" specialattr="3">
      <value id="0" val="369.70.503"></value>
    </attribute>
    <attribute attr_id="0" attr_type="2" specialattr="1">
      <value id="0" val="&#1064;&#1077;&#1089;&#1090;&#1077;&#1088;&#1085;&#1103;"></value>
    </attribute>
    <attribute attr_id="6" attr_type="2">
      <value id="0" val="&#1057;&#1090;&#1072;&#1083;&#1100; 45&#1061;"></value>
    </attribute>
    <attribute attr_id="3" attr_type="1" specialattr="4">
      <value id="0" position="31"></value>
    </attribute>
    <attribute attr_id="7" attr_type="2">
      <value id="0" val="0,055"></value>
    </attribute>
    <attribute attr_id="5" attr_type="2">
      <value id="0" val="1"></value>
    </attribute>
  </item>
  <item id="120">
    <attribute attr_id="2" attr_type="2" specialattr="3">
      <value id="0" val="369.70.504"></value>
    </attribute>
    <attribute attr_id="0" attr_type="2" specialattr="1">
      <value id="0" val="&#1042;&#1072;&#1083;-&#1096;&#1077;&#1089;&#1090;&#1077;&#1088;&#1085;&#1103;"></value>
    </attribute>
    <attribute attr_id="6" attr_type="2">
      <value id="0" val="&#1057;&#1090;&#1072;&#1083;&#1100; 45&#1061;"></value>
    </attribute>
    <attribute attr_id="3" attr_type="1" specialattr="4">
      <value id="0" position="18"></value>
    </attribute>
    <attribute attr_id="7" attr_type="2">
      <value id="0" val="0,36"></value>
    </attribute>
    <attribute attr_id="5" attr_type="2">
      <value id="0" val="1"></value>
    </attribute>
  </item>
  <item id="121">
    <attribute attr_id="2" attr_type="2" specialattr="3">
      <value id="0" val="369.70.506"></value>
    </attribute>
    <attribute attr_id="0" attr_type="2" specialattr="1">
      <value id="0" val="&#1042;&#1072;&#1083;"></value>
    </attribute>
    <attribute attr_id="6" attr_type="2">
      <value id="0" val="&#1057;&#1090;&#1072;&#1083;&#1100; 38&#1061;&#1057;"></value>
    </attribute>
    <attribute attr_id="3" attr_type="1" specialattr="4">
      <value id="0" position="4"></value>
    </attribute>
    <attribute attr_id="7" attr_type="2">
      <value id="0" val="0,22"></value>
    </attribute>
    <attribute attr_id="5" attr_type="2">
      <value id="0" val="1"></value>
    </attribute>
  </item>
  <item id="122">
    <attribute attr_id="2" attr_type="2" specialattr="3">
      <value id="0" val="369.70.507"></value>
    </attribute>
    <attribute attr_id="0" attr_type="2" specialattr="1">
      <value id="0" val="&#1042;&#1090;&#1091;&#1083;&#1082;&#1072;"></value>
    </attribute>
    <attribute attr_id="6" attr_type="2">
      <value id="0" val="&#1057;&#1090;&#1072;&#1083;&#1100; 38&#1061;&#1057;"></value>
    </attribute>
    <attribute attr_id="3" attr_type="1" specialattr="4">
      <value id="0" position="8"></value>
    </attribute>
    <attribute attr_id="7" attr_type="2">
      <value id="0" val="0,036"></value>
    </attribute>
    <attribute attr_id="5" attr_type="2">
      <value id="0" val="1"></value>
    </attribute>
  </item>
  <item id="123">
    <attribute attr_id="2" attr_type="2" specialattr="3">
      <value id="0" val="369.70.508"></value>
    </attribute>
    <attribute attr_id="0" attr_type="2" specialattr="1">
      <value id="0" val="&#1042;&#1090;&#1091;&#1083;&#1082;&#1072;"></value>
    </attribute>
    <attribute attr_id="6" attr_type="2">
      <value id="0" val="&#1057;&#1090;&#1072;&#1083;&#1100; 40&#1061;"></value>
    </attribute>
    <attribute attr_id="3" attr_type="1" specialattr="4">
      <value id="0" position="35"></value>
    </attribute>
    <attribute attr_id="7" attr_type="2">
      <value id="0" val="0,043"></value>
    </attribute>
    <attribute attr_id="5" attr_type="2">
      <value id="0" val="1"></value>
    </attribute>
  </item>
  <item id="124">
    <attribute attr_id="2" attr_type="2" specialattr="3">
      <value id="0" val="369.70.509"></value>
    </attribute>
    <attribute attr_id="0" attr_type="2" specialattr="1">
      <value id="0" val="&#1050;&#1086;&#1088;&#1087;&#1091;&#1089;"></value>
    </attribute>
    <attribute attr_id="6" attr_type="2">
      <value id="0" val="&#1040;&#1051; 4"></value>
    </attribute>
    <attribute attr_id="3" attr_type="1" specialattr="4">
      <value id="0" position="12"></value>
    </attribute>
    <attribute attr_id="7" attr_type="2">
      <value id="0" val="0,51"></value>
    </attribute>
    <attribute attr_id="5" attr_type="2">
      <value id="0" val="1"></value>
    </attribute>
  </item>
  <item id="125">
    <attribute attr_id="2" attr_type="2" specialattr="3">
      <value id="0" val="369.70.515"></value>
    </attribute>
    <attribute attr_id="0" attr_type="2" specialattr="1">
      <value id="0" val="&#1042;&#1090;&#1091;&#1083;&#1082;&#1072;"></value>
    </attribute>
    <attribute attr_id="6" attr_type="2">
      <value id="0" val="&#1057;&#1090;&#1072;&#1083;&#1100; 45&#1061;"></value>
    </attribute>
    <attribute attr_id="3" attr_type="1" specialattr="4">
      <value id="0" position="13"></value>
    </attribute>
    <attribute attr_id="7" attr_type="2">
      <value id="0" val="0,018"></value>
    </attribute>
    <attribute attr_id="5" attr_type="2">
      <value id="0" val="2"></value>
    </attribute>
  </item>
  <item id="126">
    <attribute attr_id="2" attr_type="2" specialattr="3">
      <value id="0" val="369.70.516"></value>
    </attribute>
    <attribute attr_id="0" attr_type="2" specialattr="1">
      <value id="0" val="&#1055;&#1088;&#1091;&#1078;&#1080;&#1085;&#1072;"></value>
    </attribute>
    <attribute attr_id="6" attr_type="2">
      <value id="0" val="&#1055;&#1088;&#1086;&#1074;&#1086;&#1083;&#1086;&#1082;&#1072; &#1041;-2-0,7"></value>
    </attribute>
    <attribute attr_id="3" attr_type="1" specialattr="4">
      <value id="0" position="32"></value>
    </attribute>
    <attribute attr_id="7" attr_type="2">
      <value id="0" val="0,0003"></value>
    </attribute>
    <attribute attr_id="5" attr_type="2">
      <value id="0" val="3"></value>
    </attribute>
  </item>
  <item id="127">
    <attribute attr_id="2" attr_type="2" specialattr="3">
      <value id="0" val="369.63.513"></value>
    </attribute>
    <attribute attr_id="0" attr_type="2" specialattr="1">
      <value id="0" val="&#1050;&#1088;&#1099;&#1096;&#1082;&#1072;"></value>
    </attribute>
    <attribute attr_id="3" attr_type="1" specialattr="4">
      <value id="0" position="24"></value>
    </attribute>
    <attribute attr_id="5" attr_type="2">
      <value id="0" val="1"></value>
    </attribute>
  </item>
  <item id="128">
    <attribute attr_id="2" attr_type="2" specialattr="3">
      <value id="0" val="369.63.516"></value>
    </attribute>
    <attribute attr_id="0" attr_type="2" specialattr="1">
      <value id="0" val="&#1055;&#1088;&#1086;&#1082;&#1083;&#1072;&#1076;&#1082;&#1072;"></value>
    </attribute>
    <attribute attr_id="3" attr_type="1" specialattr="4">
      <value id="0" position="22"></value>
    </attribute>
    <attribute attr_id="5" attr_type="2">
      <value id="0" val="3"></value>
    </attribute>
  </item>
  <item id="129">
    <attribute attr_id="2" attr_type="2" specialattr="3">
      <value id="0" val="369.63.516-01"></value>
    </attribute>
    <attribute attr_id="0" attr_type="2" specialattr="1">
      <value id="0" val="&#1055;&#1088;&#1086;&#1082;&#1083;&#1072;&#1076;&#1082;&#1072;"></value>
    </attribute>
    <attribute attr_id="3" attr_type="1" specialattr="4">
      <value id="0" position="20"></value>
    </attribute>
    <attribute attr_id="5" attr_type="2">
      <value id="0" val="3"></value>
    </attribute>
  </item>
  <item id="130">
    <attribute attr_id="2" attr_type="2" specialattr="3">
      <value id="0" val="369.63.516-02"></value>
    </attribute>
    <attribute attr_id="0" attr_type="2" specialattr="1">
      <value id="0" val="&#1055;&#1088;&#1086;&#1082;&#1083;&#1072;&#1076;&#1082;&#1072;"></value>
    </attribute>
    <attribute attr_id="3" attr_type="1" specialattr="4">
      <value id="0" position="21"></value>
    </attribute>
    <attribute attr_id="5" attr_type="2">
      <value id="0" val="3"></value>
    </attribute>
  </item>
  <item id="131">
    <attribute attr_id="2" attr_type="2" specialattr="3">
      <value id="0" val="369.63.516-03"></value>
    </attribute>
    <attribute attr_id="0" attr_type="2" specialattr="1">
      <value id="0" val="&#1055;&#1088;&#1086;&#1082;&#1083;&#1072;&#1076;&#1082;&#1072;"></value>
    </attribute>
    <attribute attr_id="3" attr_type="1" specialattr="4">
      <value id="0" position="23"></value>
    </attribute>
    <attribute attr_id="5" attr_type="2">
      <value id="0" val="3"></value>
    </attribute>
  </item>
  <item id="132">
    <attribute attr_id="2" attr_type="2" specialattr="3">
      <value id="0" val="369.63.517-01"></value>
    </attribute>
    <attribute attr_id="0" attr_type="2" specialattr="1">
      <value id="0" val="&#1055;&#1088;&#1086;&#1082;&#1083;&#1072;&#1076;&#1082;&#1072;"></value>
    </attribute>
    <attribute attr_id="3" attr_type="1" specialattr="4">
      <value id="0" position="16"></value>
    </attribute>
    <attribute attr_id="5" attr_type="2">
      <value id="0" val="3"></value>
    </attribute>
  </item>
  <item id="133">
    <attribute attr_id="2" attr_type="2" specialattr="3">
      <value id="0" val="369.63.517-02"></value>
    </attribute>
    <attribute attr_id="0" attr_type="2" specialattr="1">
      <value id="0" val="&#1055;&#1088;&#1086;&#1082;&#1083;&#1072;&#1076;&#1082;&#1072;"></value>
    </attribute>
    <attribute attr_id="3" attr_type="1" specialattr="4">
      <value id="0" position="17"></value>
    </attribute>
    <attribute attr_id="5" attr_type="2">
      <value id="0" val="3"></value>
    </attribute>
  </item>
  <item id="134">
    <attribute attr_id="2" attr_type="2" specialattr="3">
      <value id="0" val="369.63.517-03"></value>
    </attribute>
    <attribute attr_id="0" attr_type="2" specialattr="1">
      <value id="0" val="&#1055;&#1088;&#1086;&#1082;&#1083;&#1072;&#1076;&#1082;&#1072;"></value>
    </attribute>
    <attribute attr_id="3" attr_type="1" specialattr="4">
      <value id="0" position="15"></value>
    </attribute>
    <attribute attr_id="5" attr_type="2">
      <value id="0" val="3"></value>
    </attribute>
  </item>
  <item id="135">
    <attribute attr_id="2" attr_type="2" specialattr="3">
      <value id="0" val="369.63.523"></value>
    </attribute>
    <attribute attr_id="0" attr_type="2" specialattr="1">
      <value id="0" val="&#1050;&#1088;&#1099;&#1096;&#1082;&#1072;"></value>
    </attribute>
    <attribute attr_id="3" attr_type="1" specialattr="4">
      <value id="0" position="9"></value>
    </attribute>
    <attribute attr_id="5" attr_type="2">
      <value id="0" val="2"></value>
    </attribute>
  </item>
  <item id="136">
    <attribute attr_id="2" attr_type="2" specialattr="3">
      <value id="0" val="369.63.524"></value>
    </attribute>
    <attribute attr_id="0" attr_type="2" specialattr="1">
      <value id="0" val="&#1055;&#1088;&#1086;&#1082;&#1083;&#1072;&#1076;&#1082;&#1072;"></value>
    </attribute>
    <attribute attr_id="3" attr_type="1" specialattr="4">
      <value id="0" position="29"></value>
    </attribute>
    <attribute attr_id="5" attr_type="2">
      <value id="0" val="6"></value>
    </attribute>
  </item>
  <item id="137">
    <attribute attr_id="2" attr_type="2" specialattr="3">
      <value id="0" val="369.63.524-01"></value>
    </attribute>
    <attribute attr_id="0" attr_type="2" specialattr="1">
      <value id="0" val="&#1055;&#1088;&#1086;&#1082;&#1083;&#1072;&#1076;&#1082;&#1072;"></value>
    </attribute>
    <attribute attr_id="3" attr_type="1" specialattr="4">
      <value id="0" position="28"></value>
    </attribute>
    <attribute attr_id="5" attr_type="2">
      <value id="0" val="6"></value>
    </attribute>
  </item>
  <item id="138">
    <attribute attr_id="2" attr_type="2" specialattr="3">
      <value id="0" val="369.63.524-02"></value>
    </attribute>
    <attribute attr_id="0" attr_type="2" specialattr="1">
      <value id="0" val="&#1055;&#1088;&#1086;&#1082;&#1083;&#1072;&#1076;&#1082;&#1072;"></value>
    </attribute>
    <attribute attr_id="3" attr_type="1" specialattr="4">
      <value id="0" position="10"></value>
    </attribute>
    <attribute attr_id="5" attr_type="2">
      <value id="0" val="6"></value>
    </attribute>
  </item>
  <item id="139">
    <attribute attr_id="2" attr_type="2" specialattr="3">
      <value id="0" val="369.63.524-03"></value>
    </attribute>
    <attribute attr_id="0" attr_type="2" specialattr="1">
      <value id="0" val="&#1055;&#1088;&#1086;&#1082;&#1083;&#1072;&#1076;&#1082;&#1072;"></value>
    </attribute>
    <attribute attr_id="3" attr_type="1" specialattr="4">
      <value id="0" position="11"></value>
    </attribute>
    <attribute attr_id="5" attr_type="2">
      <value id="0" val="6"></value>
    </attribute>
  </item>
  <item id="140">
    <attribute attr_id="2" attr_type="2" specialattr="3">
      <value id="0" val="369.63.525"></value>
    </attribute>
    <attribute attr_id="0" attr_type="2" specialattr="1">
      <value id="0" val="&#1057;&#1072;&#1083;&#1100;&#1085;&#1080;&#1082;"></value>
    </attribute>
    <attribute attr_id="3" attr_type="1" specialattr="4">
      <value id="0" position="19"></value>
    </attribute>
    <attribute attr_id="5" attr_type="2">
      <value id="0" val="1"></value>
    </attribute>
  </item>
  <item id="141">
    <attribute attr_id="2" attr_type="2" specialattr="3">
      <value id="0" val="369.63.526"></value>
    </attribute>
    <attribute attr_id="0" attr_type="2" specialattr="1">
      <value id="0" val="&#1042;&#1090;&#1091;&#1083;&#1082;&#1072;"></value>
    </attribute>
    <attribute attr_id="3" attr_type="1" specialattr="4">
      <value id="0" position="33"></value>
    </attribute>
    <attribute attr_id="5" attr_type="2">
      <value id="0" val="1"></value>
    </attribute>
  </item>
  <item id="142">
    <attribute attr_id="2" attr_type="2" specialattr="3">
      <value id="0" val="369-62-144"></value>
    </attribute>
    <attribute attr_id="0" attr_type="2" specialattr="1">
      <value id="0" val="&#1050;&#1086;&#1083;&#1100;&#1094;&#1086; &#1085;&#1072;&#1088;&#1091;&#1078;&#1085;&#1086;&#1077;"></value>
    </attribute>
    <attribute attr_id="3" attr_type="1" specialattr="4">
      <value id="0" position="7"></value>
    </attribute>
    <attribute attr_id="5" attr_type="2">
      <value id="0" val="2"></value>
    </attribute>
  </item>
  <item id="143">
    <attribute attr_id="2" attr_type="2" specialattr="3">
      <value id="0" val="369-62-145"></value>
    </attribute>
    <attribute attr_id="0" attr_type="2" specialattr="1">
      <value id="0" val="&#1050;&#1086;&#1083;&#1100;&#1094;&#1086; &#1074;&#1085;&#1091;&#1090;&#1088;&#1077;&#1085;&#1085;&#1077;&#1077;"></value>
    </attribute>
    <attribute attr_id="3" attr_type="1" specialattr="4">
      <value id="0" position="6"></value>
    </attribute>
    <attribute attr_id="5" attr_type="2">
      <value id="0" val="2"></value>
    </attribute>
  </item>
  <item id="144">
    <attribute attr_id="2" attr_type="2" specialattr="3">
      <value id="0" val="369-62-146"></value>
    </attribute>
    <attribute attr_id="0" attr_type="2" specialattr="1">
      <value id="0" val="&#1042;&#1090;&#1091;&#1083;&#1082;&#1072;"></value>
    </attribute>
    <attribute attr_id="3" attr_type="1" specialattr="4">
      <value id="0" position="3"></value>
    </attribute>
    <attribute attr_id="5" attr_type="2">
      <value id="0" val="1"></value>
    </attribute>
  </item>
</catalogue_data>
