<form_layout>
  <columns>
    <column attr_id="3" width="173" position="0"></column>
    <column attr_id="2" width="113" position="1"></column>
    <column attr_id="0" width="296" position="2"></column>
    <column attr_id="1" width="145" position="3"></column>
    <column attr_id="5" width="55" position="4"></column>
    <column attr_id="6" width="122" position="5"></column>
    <column attr_id="7" width="62" position="6"></column>
    <column attr_id="8" width="109" position="7"></column>
    <column attr_id="9" width="87" position="8"></column>
    <column width="100" position="9"></column>
  </columns>
  <active_page page_index="0"></active_page>
  <structure column_index="0" show="1" column_width="235"></structure>
  <import_export export_autoref="0"></import_export>
  <import_excel import_mode="2"></import_excel>
  <other tab_direction="column" copy_column="0" clear_on_copy="0" set_on_paste="0"></other>
</form_layout>
