<cid_schema maxid="7" id="0">
  <cid_loa id="1"></cid_loa>
  <cid_lot id="2"></cid_lot>
  <cid_loasd id="3">
    <cid_category name="&#1043;&#1054;&#1057;&#1058; 2.601-2005" id="5">
      <cid_doc_ref name="&#1043;&#1054;&#1057;&#1058; 2.601-2005" definition="&#1069;&#1082;&#1089;&#1087;&#1083;&#1091;&#1072;&#1090;&#1072;&#1094;&#1080;&#1086;&#1085;&#1085;&#1099;&#1077; &#1076;&#1086;&#1082;&#1091;&#1084;&#1077;&#1085;&#1090;&#1099;" id="6"></cid_doc_ref>
    </cid_category>
  </cid_loasd>
</cid_schema>
