<catalogue_data maxid="4">
  <item id="2">
    <attribute attr_id="2" attr_type="2" specialattr="3">
      <value id="0" val="369.70.941"></value>
    </attribute>
    <attribute attr_id="0" attr_type="2" specialattr="1">
      <value id="0" val="&#1042;&#1080;&#1083;&#1082;&#1072;"></value>
    </attribute>
    <attribute attr_id="6" attr_type="2">
      <value id="0" val="&#1057;&#1090;&#1072;&#1083;&#1100; 45&#1061;&#1051;-I"></value>
    </attribute>
    <attribute attr_id="3" attr_type="1" specialattr="4">
      <value id="0" position="1"></value>
    </attribute>
    <attribute attr_id="5" attr_type="2">
      <value id="0" val="1"></value>
    </attribute>
    <attribute attr_id="7" attr_type="2">
      <value id="0" val="0,735"></value>
    </attribute>
  </item>
  <item id="3">
    <attribute attr_id="2" attr_type="2" specialattr="3">
      <value id="0" val="369-56-213"></value>
    </attribute>
    <attribute attr_id="0" attr_type="2" specialattr="1">
      <value id="0" val="&#1042;&#1090;&#1091;&#1083;&#1082;&#1072;"></value>
    </attribute>
    <attribute attr_id="3" attr_type="1" specialattr="4">
      <value id="0" position="2"></value>
    </attribute>
    <attribute attr_id="5" attr_type="2">
      <value id="0" val="1"></value>
    </attribute>
  </item>
</catalogue_data>
