<figure pic_file="688-27-&#1089;&#1073;307_&#1056;&#1077;&#1076;&#1091;&#1082;&#1090;&#1086;&#1088;.rh">
  <product position="1" extposition="688-27-104-1"></product>
  <product position="2" extposition="765-38-185-1"></product>
  <product position="3" extposition="&#1064;&#1072;&#1081;&#1073;&#1072; &#1040;20.01.0118 &#1043;&#1054;&#1057;&#1058; 10450-78-1"></product>
  <product position="4" extposition="&#1050;&#1086;&#1083;&#1100;&#1094;&#1086; &#1042;90 &#1061;&#1080;&#1084;. &#1054;&#1082;&#1089;.&#1087;&#1088;&#1084; &#1043;&#1054;&#1057;&#1058; 13941-86-1"></product>
  <product position="5" extposition="688-27-100-1"></product>
  <product position="6" extposition="688-27-140-1"></product>
  <product position="7" extposition="688-27-96-1"></product>
  <product position="8" extposition="700-29-525_&#1055;&#1086; &#1091;&#1084;&#1086;&#1083;&#1095;&#1072;&#1085;&#1080;&#1102;-1"></product>
  <product position="9" extposition="&#1041;&#1086;&#1083;&#1090; M6-6gx14.46.029 &#1043;&#1054;&#1057;&#1058; 7798-70-1"></product>
  <product position="10" extposition="672-38-74-1"></product>
  <product position="11" extposition="688-27-99-1"></product>
  <product position="12" extposition="688-27-103-1"></product>
  <product position="13" extposition="688-27-111-1"></product>
  <product position="14" extposition="688-27-101-1"></product>
  <product position="15" extposition="&#1043;&#1072;&#1081;&#1082;&#1072; M36x1,5-6H.6.029 &#1043;&#1054;&#1057;&#1058; 11871-88-1"></product>
  <product position="16" extposition="688-27-111-01-1"></product>
  <product position="17" extposition="&#1043;&#1072;&#1081;&#1082;&#1072; &#1052;8-6&#1053;.6.029 &#1043;&#1054;&#1057;&#1058; 5915-70-1"></product>
  <product position="18" extposition="688-27-121-1"></product>
  <product position="19" extposition="770-31-8-1"></product>
  <product position="20" extposition="&#1055;&#1086;&#1076;&#1096;&#1080;&#1087;&#1085;&#1080;&#1082; 206&#1040; &#1045;&#1058;&#1059; 500-1"></product>
  <product position="21" extposition="672-30-15-1"></product>
  <product position="22" extposition="688-27-34_&#1055;&#1086; &#1091;&#1084;&#1086;&#1083;&#1095;&#1072;&#1085;&#1080;&#1102;-1"></product>
  <product position="23" extposition="688-27-107-1"></product>
  <product position="24" extposition="688-27-168-1"></product>
  <product position="25" extposition="688-27-108-1"></product>
  <product position="26" extposition="&#1055;&#1086;&#1076;&#1096;&#1080;&#1087;&#1085;&#1080;&#1082; 32210&#1051;1 &#1045;&#1058;&#1059; 500-1"></product>
  <product position="27" extposition="688-12-&#1089;&#1073;53-1"></product>
  <product position="28" extposition="688-27-110-1"></product>
  <product position="29" extposition="700-29-356-3"></product>
  <product position="30" extposition="688-27-97-1"></product>
  <product position="31" extposition="688-27-95-1"></product>
  <product position="32" extposition="&#1055;&#1086;&#1076;&#1096;&#1080;&#1087;&#1085;&#1080;&#1082; 308  &#1045;&#1058;&#1059; 500-1"></product>
  <product position="33" extposition="&#1043;&#1072;&#1081;&#1082;&#1072; &#1052;10-6&#1053;.6.029 &#1043;&#1054;&#1057;&#1058; 5915-70-4"></product>
  <product position="34" extposition="688-27-109-01-1"></product>
  <product position="35" extposition="688-27-109-1"></product>
  <product position="36" extposition="&#1064;&#1072;&#1081;&#1073;&#1072; 36.01 &#1043;&#1054;&#1057;&#1058; 11872-89-1"></product>
  <product position="37" extposition="&#1064;&#1072;&#1081;&#1073;&#1072; 6T65&#1043;06   &#1043;&#1054;&#1057;&#1058; 6402-70-4"></product>
  <product position="38" extposition="688-27-102-1"></product>
  <product position="39" extposition="765-38-186-1"></product>
  <product position="40" extposition="&#1064;&#1072;&#1081;&#1073;&#1072; 8T65&#1043;06 &#1043;&#1054;&#1057;&#1058; 6402-70-4"></product>
  <product position="41" extposition="&#1055;&#1086;&#1076;&#1096;&#1080;&#1087;&#1085;&#1080;&#1082; 309  &#1045;&#1058;&#1059; 500-1"></product>
  <product position="42" extposition="&#1064;&#1072;&#1081;&#1073;&#1072; 10&#1058;65&#1043;06  &#1043;&#1054;&#1057;&#1058; 6402-70-4"></product>
</figure>
