<catalogue_data maxid="12">
  <item id="7">
    <attribute attr_id="0" attr_type="2" specialattr="1">
      <value id="0" val="&#1064;&#1090;&#1080;&#1092;&#1090; 6u8*36 &#1054;&#1057;&#1058; 3-2234-80"></value>
    </attribute>
    <attribute attr_id="3" attr_type="1" specialattr="4">
      <value id="0" position="1"></value>
    </attribute>
    <attribute attr_id="5" attr_type="2">
      <value id="0" val="1"></value>
    </attribute>
  </item>
  <item id="8">
    <attribute attr_id="0" attr_type="2" specialattr="1">
      <value id="0" val="&#1064;&#1090;&#1080;&#1092;&#1090; 4&#1080;8*25 &#1054;&#1057;&#1058; 3-2234-80"></value>
    </attribute>
    <attribute attr_id="3" attr_type="1" specialattr="4">
      <value id="0" position="2"></value>
    </attribute>
    <attribute attr_id="5" attr_type="2">
      <value id="0" val="2"></value>
    </attribute>
  </item>
  <item id="9">
    <attribute attr_id="2" attr_type="2" specialattr="3">
      <value id="0" val="369.70.421"></value>
    </attribute>
    <attribute attr_id="0" attr_type="2" specialattr="1">
      <value id="0" val="&#1058;&#1088;&#1091;&#1073;&#1072;"></value>
    </attribute>
    <attribute attr_id="6" attr_type="2">
      <value id="0" val="&#1057;&#1090;&#1072;&#1083;&#1100; 38 &#1061;&#1057;"></value>
    </attribute>
    <attribute attr_id="3" attr_type="1" specialattr="4">
      <value id="0" position="5"></value>
    </attribute>
    <attribute attr_id="5" attr_type="2">
      <value id="0" val="1"></value>
    </attribute>
    <attribute attr_id="7" attr_type="2">
      <value id="0" val="1,05"></value>
    </attribute>
  </item>
  <item id="10">
    <attribute attr_id="2" attr_type="2" specialattr="3">
      <value id="0" val="369.63.422"></value>
    </attribute>
    <attribute attr_id="0" attr_type="2" specialattr="1">
      <value id="0" val="&#1054;&#1089;&#1100;"></value>
    </attribute>
    <attribute attr_id="3" attr_type="1" specialattr="4">
      <value id="0" position="4"></value>
    </attribute>
    <attribute attr_id="5" attr_type="2">
      <value id="0" val="1"></value>
    </attribute>
  </item>
  <item id="11">
    <attribute attr_id="2" attr_type="2" specialattr="3">
      <value id="0" val="369.63.431"></value>
    </attribute>
    <attribute attr_id="0" attr_type="2" specialattr="1">
      <value id="0" val="&#1050;&#1086;&#1083;&#1100;&#1094;&#1086;"></value>
    </attribute>
    <attribute attr_id="3" attr_type="1" specialattr="4">
      <value id="0" position="3"></value>
    </attribute>
    <attribute attr_id="5" attr_type="2">
      <value id="0" val="1"></value>
    </attribute>
  </item>
</catalogue_data>
