<catalogue_structure id="0" printcards="0">
  <item id="7" name="&#1064;&#1090;&#1080;&#1092;&#1090; 6u8*36 &#1054;&#1057;&#1058; 3-2234-80" specprn="" speccode=""></item>
  <item id="8" name="&#1064;&#1090;&#1080;&#1092;&#1090; 4&#1080;8*25 &#1054;&#1057;&#1058; 3-2234-80" specprn="" speccode=""></item>
  <item id="11" name="&#1050;&#1086;&#1083;&#1100;&#1094;&#1086;" specprn="" speccode="369.63.431"></item>
  <item id="10" name="&#1054;&#1089;&#1100;" specprn="" speccode="369.63.422"></item>
  <item id="9" name="&#1058;&#1088;&#1091;&#1073;&#1072;" specprn="" speccode="369.70.421"></item>
</catalogue_structure>
