<catalogue_data maxid="44">
  <item id="2">
    <attribute attr_id="0" attr_type="2" specialattr="1">
      <value id="0" val="&#1041;&#1086;&#1083;&#1090; M6-6gx14.46.029 &#1043;&#1054;&#1057;&#1058; 7798-70"></value>
    </attribute>
    <attribute attr_id="3" attr_type="1" specialattr="4">
      <value id="0" position="9"></value>
    </attribute>
    <attribute attr_id="5" attr_type="2">
      <value id="0" val="8"></value>
    </attribute>
  </item>
  <item id="3">
    <attribute attr_id="0" attr_type="2" specialattr="1">
      <value id="0" val="&#1064;&#1072;&#1081;&#1073;&#1072; 6T.65&#1043;.06   &#1043;&#1054;&#1057;&#1058; 6402-70"></value>
    </attribute>
    <attribute attr_id="3" attr_type="1" specialattr="4">
      <value id="0" position="37"></value>
    </attribute>
    <attribute attr_id="5" attr_type="2">
      <value id="0" val="8"></value>
    </attribute>
  </item>
  <item id="4">
    <attribute attr_id="0" attr_type="2" specialattr="1">
      <value id="0" val="&#1043;&#1072;&#1081;&#1082;&#1072; &#1052;8-6&#1053;.6.029 &#1043;&#1054;&#1057;&#1058; 5915-70"></value>
    </attribute>
    <attribute attr_id="3" attr_type="1" specialattr="4">
      <value id="0" position="17"></value>
    </attribute>
    <attribute attr_id="5" attr_type="2">
      <value id="0" val="12"></value>
    </attribute>
  </item>
  <item id="5">
    <attribute attr_id="0" attr_type="2" specialattr="1">
      <value id="0" val="&#1064;&#1072;&#1081;&#1073;&#1072; 8T.65&#1043;.06 &#1043;&#1054;&#1057;&#1058; 6402-70"></value>
    </attribute>
    <attribute attr_id="3" attr_type="1" specialattr="4">
      <value id="0" position="40"></value>
    </attribute>
    <attribute attr_id="5" attr_type="2">
      <value id="0" val="12"></value>
    </attribute>
  </item>
  <item id="6">
    <attribute attr_id="0" attr_type="2" specialattr="1">
      <value id="0" val="&#1064;&#1072;&#1081;&#1073;&#1072; 10.&#1054;&#1058;.65&#1043;.06"></value>
    </attribute>
    <attribute attr_id="3" attr_type="1" specialattr="4">
      <value id="0" position="42"></value>
    </attribute>
    <attribute attr_id="5" attr_type="2">
      <value id="0" val="10"></value>
    </attribute>
  </item>
  <item id="7">
    <attribute attr_id="0" attr_type="2" specialattr="1">
      <value id="0" val="&#1043;&#1072;&#1081;&#1082;&#1072; &#1052;10-6&#1053;.6.029 &#1043;&#1054;&#1057;&#1058; 5915-70"></value>
    </attribute>
    <attribute attr_id="3" attr_type="1" specialattr="4">
      <value id="0" position="33"></value>
    </attribute>
    <attribute attr_id="5" attr_type="2">
      <value id="0" val="10"></value>
    </attribute>
  </item>
  <item id="8">
    <attribute attr_id="0" attr_type="2" specialattr="1">
      <value id="0" val="&#1055;&#1086;&#1076;&#1096;&#1080;&#1087;&#1085;&#1080;&#1082; 32210&#1051;1 &#1045;&#1058;&#1059; 500"></value>
    </attribute>
    <attribute attr_id="3" attr_type="1" specialattr="4">
      <value id="0" position="26"></value>
    </attribute>
    <attribute attr_id="5" attr_type="2">
      <value id="0" val="2"></value>
    </attribute>
  </item>
  <item id="9">
    <attribute attr_id="0" attr_type="2" specialattr="1">
      <value id="0" val="&#1055;&#1086;&#1076;&#1096;&#1080;&#1087;&#1085;&#1080;&#1082; 308  &#1045;&#1058;&#1059; 500"></value>
    </attribute>
    <attribute attr_id="3" attr_type="1" specialattr="4">
      <value id="0" position="32"></value>
    </attribute>
    <attribute attr_id="5" attr_type="2">
      <value id="0" val="2"></value>
    </attribute>
  </item>
  <item id="10">
    <attribute attr_id="0" attr_type="2" specialattr="1">
      <value id="0" val="&#1050;&#1086;&#1083;&#1100;&#1094;&#1086; &#1042;90 &#1061;&#1080;&#1084;. &#1054;&#1082;&#1089;.&#1087;&#1088;&#1084; &#1043;&#1054;&#1057;&#1058; 13941-86"></value>
    </attribute>
    <attribute attr_id="3" attr_type="1" specialattr="4">
      <value id="0" position="4"></value>
    </attribute>
    <attribute attr_id="5" attr_type="2">
      <value id="0" val="2"></value>
    </attribute>
  </item>
  <item id="11">
    <attribute attr_id="0" attr_type="2" specialattr="1">
      <value id="0" val="&#1064;&#1072;&#1081;&#1073;&#1072; 36.01 &#1043;&#1054;&#1057;&#1058; 11872-89"></value>
    </attribute>
    <attribute attr_id="3" attr_type="1" specialattr="4">
      <value id="0" position="36"></value>
    </attribute>
    <attribute attr_id="5" attr_type="2">
      <value id="0" val="2"></value>
    </attribute>
  </item>
  <item id="12">
    <attribute attr_id="0" attr_type="2" specialattr="1">
      <value id="0" val="&#1043;&#1072;&#1081;&#1082;&#1072; M36x1,5-6H.6.029 &#1043;&#1054;&#1057;&#1058; 11871-88"></value>
    </attribute>
    <attribute attr_id="3" attr_type="1" specialattr="4">
      <value id="0" position="15"></value>
    </attribute>
    <attribute attr_id="5" attr_type="2">
      <value id="0" val="2"></value>
    </attribute>
  </item>
  <item id="13">
    <attribute attr_id="0" attr_type="2" specialattr="1">
      <value id="0" val="&#1064;&#1072;&#1081;&#1073;&#1072; &#1040;20.01.0118 &#1080;&#1083;&#1080; &#1040;20.02.0118 &#1043;&#1054;&#1057;&#1058; 10450-78"></value>
    </attribute>
    <attribute attr_id="3" attr_type="1" specialattr="4">
      <value id="0" position="3"></value>
    </attribute>
    <attribute attr_id="5" attr_type="2">
      <value id="0" val="2"></value>
    </attribute>
  </item>
  <item id="14">
    <attribute attr_id="0" attr_type="2" specialattr="1">
      <value id="0" val="&#1055;&#1086;&#1076;&#1096;&#1080;&#1087;&#1085;&#1080;&#1082; 309  &#1045;&#1058;&#1059; 500"></value>
    </attribute>
    <attribute attr_id="3" attr_type="1" specialattr="4">
      <value id="0" position="41"></value>
    </attribute>
    <attribute attr_id="5" attr_type="2">
      <value id="0" val="2"></value>
    </attribute>
  </item>
  <item id="15">
    <attribute attr_id="0" attr_type="2" specialattr="1">
      <value id="0" val="&#1055;&#1086;&#1076;&#1096;&#1080;&#1087;&#1085;&#1080;&#1082; 206&#1040; &#1080;&#1083;&#1080; 6-206&#1040; &#1045;&#1058;&#1059; 500"></value>
    </attribute>
    <attribute attr_id="3" attr_type="1" specialattr="4">
      <value id="0" position="20"></value>
    </attribute>
    <attribute attr_id="5" attr_type="2">
      <value id="0" val="2"></value>
    </attribute>
  </item>
  <item id="16">
    <attribute attr_id="2" attr_type="2" specialattr="3">
      <value id="0" val="585-30-15"></value>
    </attribute>
    <attribute attr_id="0" attr_type="2" specialattr="1">
      <value id="0" val="&#1043;&#1072;&#1081;&#1082;&#1072;"></value>
    </attribute>
    <attribute attr_id="6" attr_type="2">
      <value id="0" val="&#1057;&#1090;&#1072;&#1083;&#1100; 45"></value>
    </attribute>
    <attribute attr_id="3" attr_type="1" specialattr="4">
      <value id="0" position="21"></value>
    </attribute>
    <attribute attr_id="5" attr_type="2">
      <value id="0" val="2"></value>
    </attribute>
    <attribute attr_id="7" attr_type="2">
      <value id="0" val="0,085"></value>
    </attribute>
  </item>
  <item id="17">
    <attribute attr_id="2" attr_type="2" specialattr="3">
      <value id="0" val="585-38-74"></value>
    </attribute>
    <attribute attr_id="0" attr_type="2" specialattr="1">
      <value id="0" val="&#1050;&#1086;&#1083;&#1100;&#1094;&#1086;"></value>
    </attribute>
    <attribute attr_id="3" attr_type="1" specialattr="4">
      <value id="0" position="10"></value>
    </attribute>
    <attribute attr_id="5" attr_type="2">
      <value id="0" val="2"></value>
    </attribute>
  </item>
  <item id="18">
    <attribute attr_id="2" attr_type="2" specialattr="3">
      <value id="0" val="585-12-&#1089;&#1073;53"></value>
    </attribute>
    <attribute attr_id="0" attr_type="2" specialattr="1">
      <value id="0" val="&#1052;&#1072;&#1085;&#1078;&#1077;&#1090;&#1072;"></value>
    </attribute>
    <attribute attr_id="3" attr_type="1" specialattr="4">
      <value id="0" position="27"></value>
    </attribute>
    <attribute attr_id="5" attr_type="2">
      <value id="0" val="2"></value>
    </attribute>
    <attribute attr_id="7" attr_type="2">
      <value id="0" val="0,056"></value>
    </attribute>
  </item>
  <item id="19">
    <attribute attr_id="2" attr_type="2" specialattr="3">
      <value id="0" val="585-27-100"></value>
    </attribute>
    <attribute attr_id="0" attr_type="2" specialattr="1">
      <value id="0" val="&#1042;&#1072;&#1083;"></value>
    </attribute>
    <attribute attr_id="3" attr_type="1" specialattr="4">
      <value id="0" position="5"></value>
    </attribute>
    <attribute attr_id="5" attr_type="2">
      <value id="0" val="2"></value>
    </attribute>
  </item>
  <item id="20">
    <attribute attr_id="2" attr_type="2" specialattr="3">
      <value id="0" val="585-27-101"></value>
    </attribute>
    <attribute attr_id="0" attr_type="2" specialattr="1">
      <value id="0" val="&#1057;&#1090;&#1072;&#1082;&#1072;&#1085;"></value>
    </attribute>
    <attribute attr_id="3" attr_type="1" specialattr="4">
      <value id="0" position="14"></value>
    </attribute>
    <attribute attr_id="5" attr_type="2">
      <value id="0" val="2"></value>
    </attribute>
  </item>
  <item id="21">
    <attribute attr_id="2" attr_type="2" specialattr="3">
      <value id="0" val="585-27-102 &#1080;&#1083;&#1080;585-27-166"></value>
    </attribute>
    <attribute attr_id="0" attr_type="2" specialattr="1">
      <value id="0" val="&#1042;&#1090;&#1091;&#1083;&#1082;&#1072;"></value>
    </attribute>
    <attribute attr_id="6" attr_type="2">
      <value id="0" val="&#1057;&#1090;&#1072;&#1083;&#1100; 40"></value>
    </attribute>
    <attribute attr_id="3" attr_type="1" specialattr="4">
      <value id="0" position="38"></value>
    </attribute>
    <attribute attr_id="5" attr_type="2">
      <value id="0" val="2"></value>
    </attribute>
    <attribute attr_id="7" attr_type="2">
      <value id="0" val="0,193"></value>
    </attribute>
  </item>
  <item id="22">
    <attribute attr_id="2" attr_type="2" specialattr="3">
      <value id="0" val="585-27-103"></value>
    </attribute>
    <attribute attr_id="0" attr_type="2" specialattr="1">
      <value id="0" val="&#1050;&#1086;&#1083;&#1100;&#1094;&#1086;"></value>
    </attribute>
    <attribute attr_id="6" attr_type="2">
      <value id="0" val="&#1057;&#1090;&#1072;&#1083;&#1100; 35"></value>
    </attribute>
    <attribute attr_id="3" attr_type="1" specialattr="4">
      <value id="0" position="12"></value>
    </attribute>
    <attribute attr_id="5" attr_type="2">
      <value id="0" val="2"></value>
    </attribute>
    <attribute attr_id="7" attr_type="2">
      <value id="0" val="0,03"></value>
    </attribute>
  </item>
  <item id="23">
    <attribute attr_id="2" attr_type="2" specialattr="3">
      <value id="0" val="585-27-104 &#1080;&#1083;&#1080;585-27-167"></value>
    </attribute>
    <attribute attr_id="0" attr_type="2" specialattr="1">
      <value id="0" val="&#1042;&#1090;&#1091;&#1083;&#1082;&#1072;"></value>
    </attribute>
    <attribute attr_id="6" attr_type="2">
      <value id="0" val="&#1057;&#1090;&#1072;&#1083;&#1100; 40"></value>
    </attribute>
    <attribute attr_id="3" attr_type="1" specialattr="4">
      <value id="0" position="1"></value>
    </attribute>
    <attribute attr_id="5" attr_type="2">
      <value id="0" val="2"></value>
    </attribute>
    <attribute attr_id="7" attr_type="2">
      <value id="0" val="0,364"></value>
    </attribute>
  </item>
  <item id="24">
    <attribute attr_id="2" attr_type="2" specialattr="3">
      <value id="0" val="585-27-107"></value>
    </attribute>
    <attribute attr_id="0" attr_type="2" specialattr="1">
      <value id="0" val="&#1064;&#1072;&#1081;&#1073;&#1072;"></value>
    </attribute>
    <attribute attr_id="3" attr_type="1" specialattr="4">
      <value id="0" position="23"></value>
    </attribute>
    <attribute attr_id="5" attr_type="2">
      <value id="0" val="2"></value>
    </attribute>
  </item>
  <item id="25">
    <attribute attr_id="2" attr_type="2" specialattr="3">
      <value id="0" val="585-27-108"></value>
    </attribute>
    <attribute attr_id="0" attr_type="2" specialattr="1">
      <value id="0" val="&#1050;&#1086;&#1088;&#1087;&#1091;&#1089;"></value>
    </attribute>
    <attribute attr_id="6" attr_type="2">
      <value id="0" val=""></value>
    </attribute>
    <attribute attr_id="3" attr_type="1" specialattr="4">
      <value id="0" position="25"></value>
    </attribute>
    <attribute attr_id="5" attr_type="2">
      <value id="0" val="2"></value>
    </attribute>
    <attribute attr_id="7" attr_type="2">
      <value id="0" val="0,038"></value>
    </attribute>
  </item>
  <item id="26">
    <attribute attr_id="2" attr_type="2" specialattr="3">
      <value id="0" val="585-27-109"></value>
    </attribute>
    <attribute attr_id="0" attr_type="2" specialattr="1">
      <value id="0" val="&#1055;&#1088;&#1086;&#1082;&#1083;&#1072;&#1076;&#1082;&#1072;"></value>
    </attribute>
    <attribute attr_id="3" attr_type="1" specialattr="4">
      <value id="0" position="35"></value>
    </attribute>
    <attribute attr_id="5" attr_type="2">
      <value id="0" val="16"></value>
    </attribute>
  </item>
  <item id="27">
    <attribute attr_id="2" attr_type="2" specialattr="3">
      <value id="0" val="585-27-109-01"></value>
    </attribute>
    <attribute attr_id="0" attr_type="2" specialattr="1">
      <value id="0" val="&#1055;&#1088;&#1086;&#1082;&#1083;&#1072;&#1076;&#1082;&#1072;"></value>
    </attribute>
    <attribute attr_id="3" attr_type="1" specialattr="4">
      <value id="0" position="34"></value>
    </attribute>
    <attribute attr_id="5" attr_type="2">
      <value id="0" val="16"></value>
    </attribute>
  </item>
  <item id="28">
    <attribute attr_id="2" attr_type="2" specialattr="3">
      <value id="0" val="585-27-110"></value>
    </attribute>
    <attribute attr_id="0" attr_type="2" specialattr="1">
      <value id="0" val="&#1055;&#1088;&#1086;&#1082;&#1083;&#1072;&#1076;&#1082;&#1072;"></value>
    </attribute>
    <attribute attr_id="3" attr_type="1" specialattr="4">
      <value id="0" position="28"></value>
    </attribute>
    <attribute attr_id="5" attr_type="2">
      <value id="0" val="2"></value>
    </attribute>
  </item>
  <item id="29" maxid="1">
    <attribute attr_id="2" attr_type="2" specialattr="3">
      <value id="0" val="585-27-111"></value>
    </attribute>
    <attribute attr_id="0" attr_type="2" specialattr="1">
      <value id="0" val="&#1055;&#1088;&#1086;&#1082;&#1083;&#1072;&#1076;&#1082;&#1072;"></value>
    </attribute>
    <attribute attr_id="3" attr_type="1" specialattr="4">
      <value id="0" position="13"></value>
    </attribute>
    <attribute attr_id="5" attr_type="2">
      <value id="0" val="16"></value>
    </attribute>
    <attribute attr_id="1" attr_type="2" specialattr="2"></attribute>
  </item>
  <item id="30">
    <attribute attr_id="2" attr_type="2" specialattr="3">
      <value id="0" val="585-27-111-01"></value>
    </attribute>
    <attribute attr_id="0" attr_type="2" specialattr="1">
      <value id="0" val="&#1055;&#1088;&#1086;&#1082;&#1083;&#1072;&#1076;&#1082;&#1072;"></value>
    </attribute>
    <attribute attr_id="3" attr_type="1" specialattr="4">
      <value id="0" position="16"></value>
    </attribute>
    <attribute attr_id="5" attr_type="2">
      <value id="0" val="16"></value>
    </attribute>
  </item>
  <item id="31">
    <attribute attr_id="2" attr_type="2" specialattr="3">
      <value id="0" val="585-27-121"></value>
    </attribute>
    <attribute attr_id="0" attr_type="2" specialattr="1">
      <value id="0" val="&#1050;&#1088;&#1099;&#1096;&#1082;&#1072;"></value>
    </attribute>
    <attribute attr_id="6" attr_type="2">
      <value id="0" val="&#1057;&#1090;&#1072;&#1083;&#1100; 35&#1051;"></value>
    </attribute>
    <attribute attr_id="3" attr_type="1" specialattr="4">
      <value id="0" position="18"></value>
    </attribute>
    <attribute attr_id="5" attr_type="2">
      <value id="0" val="2"></value>
    </attribute>
    <attribute attr_id="7" attr_type="2">
      <value id="0" val="0,5"></value>
    </attribute>
  </item>
  <item id="32">
    <attribute attr_id="2" attr_type="2" specialattr="3">
      <value id="0" val="585-27-140"></value>
    </attribute>
    <attribute attr_id="0" attr_type="2" specialattr="1">
      <value id="0" val="&#1050;&#1086;&#1083;&#1100;&#1094;&#1086;"></value>
    </attribute>
    <attribute attr_id="6" attr_type="2">
      <value id="0" val="&#1057;&#1090;&#1072;&#1083;&#1100; 45"></value>
    </attribute>
    <attribute attr_id="3" attr_type="1" specialattr="4">
      <value id="0" position="6"></value>
    </attribute>
    <attribute attr_id="5" attr_type="2">
      <value id="0" val="2"></value>
    </attribute>
    <attribute attr_id="7" attr_type="2">
      <value id="0" val="0,01"></value>
    </attribute>
  </item>
  <item id="33">
    <attribute attr_id="2" attr_type="2" specialattr="3">
      <value id="0" val="585-27-168"></value>
    </attribute>
    <attribute attr_id="0" attr_type="2" specialattr="1">
      <value id="0" val="&#1042;&#1090;&#1091;&#1083;&#1082;&#1072;"></value>
    </attribute>
    <attribute attr_id="6" attr_type="2">
      <value id="0" val="&#1057;&#1090;&#1072;&#1083;&#1100; 40"></value>
    </attribute>
    <attribute attr_id="3" attr_type="1" specialattr="4">
      <value id="0" position="24"></value>
    </attribute>
    <attribute attr_id="5" attr_type="2">
      <value id="0" val="2"></value>
    </attribute>
    <attribute attr_id="7" attr_type="2">
      <value id="0" val="0,072"></value>
    </attribute>
  </item>
  <item id="34">
    <attribute attr_id="2" attr_type="2" specialattr="3">
      <value id="0" val="585-27-34"></value>
    </attribute>
    <attribute attr_id="0" attr_type="2" specialattr="1">
      <value id="0" val="&#1055;&#1088;&#1086;&#1082;&#1083;&#1072;&#1076;&#1082;&#1072;"></value>
    </attribute>
    <attribute attr_id="6" attr_type="2">
      <value id="0" val="&#1057;&#1084;&#1077;&#1089;&#1100; &#1088;&#1077;&#1079;&#1080;&#1085;&#1086;&#1074;&#1072;&#1103; 637"></value>
    </attribute>
    <attribute attr_id="3" attr_type="1" specialattr="4">
      <value id="0" position="22"></value>
    </attribute>
    <attribute attr_id="5" attr_type="2">
      <value id="0" val="2"></value>
    </attribute>
    <attribute attr_id="7" attr_type="2">
      <value id="0" val="0,004"></value>
    </attribute>
  </item>
  <item id="35">
    <attribute attr_id="2" attr_type="2" specialattr="3">
      <value id="0" val="585-27-95"></value>
    </attribute>
    <attribute attr_id="0" attr_type="2" specialattr="1">
      <value id="0" val="&#1064;&#1077;&#1089;&#1090;&#1077;&#1088;&#1085;&#1103;"></value>
    </attribute>
    <attribute attr_id="6" attr_type="2">
      <value id="0" val="&#1057;&#1090;&#1072;&#1083;&#1100; 12&#1061;&#1053;3&#1040;"></value>
    </attribute>
    <attribute attr_id="3" attr_type="1" specialattr="4">
      <value id="0" position="31"></value>
    </attribute>
    <attribute attr_id="5" attr_type="2">
      <value id="0" val="2"></value>
    </attribute>
    <attribute attr_id="7" attr_type="2">
      <value id="0" val="1,46"></value>
    </attribute>
  </item>
  <item id="36">
    <attribute attr_id="2" attr_type="2" specialattr="3">
      <value id="0" val="585-27-96"></value>
    </attribute>
    <attribute attr_id="0" attr_type="2" specialattr="1">
      <value id="0" val="&#1064;&#1077;&#1089;&#1090;&#1077;&#1088;&#1085;&#1103;"></value>
    </attribute>
    <attribute attr_id="6" attr_type="2">
      <value id="0" val="&#1057;&#1090;&#1072;&#1083;&#1100; 12&#1061;&#1053;3&#1040;"></value>
    </attribute>
    <attribute attr_id="3" attr_type="1" specialattr="4">
      <value id="0" position="7"></value>
    </attribute>
    <attribute attr_id="5" attr_type="2">
      <value id="0" val="2"></value>
    </attribute>
    <attribute attr_id="7" attr_type="2">
      <value id="0" val="1,1"></value>
    </attribute>
  </item>
  <item id="37">
    <attribute attr_id="2" attr_type="2" specialattr="3">
      <value id="0" val="585-27-97"></value>
    </attribute>
    <attribute attr_id="0" attr_type="2" specialattr="1">
      <value id="0" val="&#1057;&#1090;&#1072;&#1082;&#1072;&#1085;"></value>
    </attribute>
    <attribute attr_id="6" attr_type="2">
      <value id="0" val="&#1057;&#1090;&#1072;&#1083;&#1100; 40&#1061;&#1051;"></value>
    </attribute>
    <attribute attr_id="3" attr_type="1" specialattr="4">
      <value id="0" position="30"></value>
    </attribute>
    <attribute attr_id="5" attr_type="2">
      <value id="0" val="2"></value>
    </attribute>
    <attribute attr_id="7" attr_type="2">
      <value id="0" val="0,59"></value>
    </attribute>
  </item>
  <item id="38">
    <attribute attr_id="2" attr_type="2" specialattr="3">
      <value id="0" val="585-27-99"></value>
    </attribute>
    <attribute attr_id="0" attr_type="2" specialattr="1">
      <value id="0" val="&#1052;&#1091;&#1092;&#1090;&#1072;"></value>
    </attribute>
    <attribute attr_id="6" attr_type="2">
      <value id="0" val="&#1057;&#1090;&#1072;&#1083;&#1100; 38&#1061;&#1057;"></value>
    </attribute>
    <attribute attr_id="3" attr_type="1" specialattr="4">
      <value id="0" position="11"></value>
    </attribute>
    <attribute attr_id="5" attr_type="2">
      <value id="0" val="2"></value>
    </attribute>
    <attribute attr_id="7" attr_type="2">
      <value id="0" val="0,73"></value>
    </attribute>
  </item>
  <item id="39">
    <attribute attr_id="2" attr_type="2" specialattr="3">
      <value id="0" val="585-29-356"></value>
    </attribute>
    <attribute attr_id="0" attr_type="2" specialattr="1">
      <value id="0" val="&#1064;&#1087;&#1080;&#1083;&#1100;&#1082;&#1072;"></value>
    </attribute>
    <attribute attr_id="6" attr_type="2">
      <value id="0" val="&#1057;&#1090;&#1072;&#1083;&#1100; 38&#1061;&#1040;"></value>
    </attribute>
    <attribute attr_id="3" attr_type="1" specialattr="4">
      <value id="0" position="29"></value>
    </attribute>
    <attribute attr_id="5" attr_type="2">
      <value id="0" val="10"></value>
    </attribute>
    <attribute attr_id="7" attr_type="2">
      <value id="0" val="0,02"></value>
    </attribute>
  </item>
  <item id="40">
    <attribute attr_id="2" attr_type="2" specialattr="3">
      <value id="0" val="585-29-525"></value>
    </attribute>
    <attribute attr_id="0" attr_type="2" specialattr="1">
      <value id="0" val="&#1064;&#1087;&#1080;&#1083;&#1100;&#1082;&#1072;"></value>
    </attribute>
    <attribute attr_id="6" attr_type="2">
      <value id="0" val="&#1057;&#1090;&#1072;&#1083;&#1100; 38&#1061;&#1040;"></value>
    </attribute>
    <attribute attr_id="3" attr_type="1" specialattr="4">
      <value id="0" position="8"></value>
    </attribute>
    <attribute attr_id="5" attr_type="2">
      <value id="0" val="12"></value>
    </attribute>
    <attribute attr_id="7" attr_type="2">
      <value id="0" val="0,015"></value>
    </attribute>
  </item>
  <item id="41">
    <attribute attr_id="2" attr_type="2" specialattr="3">
      <value id="0" val="585-38-185"></value>
    </attribute>
    <attribute attr_id="0" attr_type="2" specialattr="1">
      <value id="0" val="&#1050;&#1088;&#1099;&#1096;&#1082;&#1072;"></value>
    </attribute>
    <attribute attr_id="6" attr_type="2">
      <value id="0" val="&#1040;&#1052;&#1075;6&#1041;&#1052;-3"></value>
    </attribute>
    <attribute attr_id="3" attr_type="1" specialattr="4">
      <value id="0" position="2"></value>
    </attribute>
    <attribute attr_id="5" attr_type="2">
      <value id="0" val="2"></value>
    </attribute>
    <attribute attr_id="7" attr_type="2">
      <value id="0" val="0,043"></value>
    </attribute>
  </item>
  <item id="42">
    <attribute attr_id="2" attr_type="2" specialattr="3">
      <value id="0" val="585-38-186"></value>
    </attribute>
    <attribute attr_id="0" attr_type="2" specialattr="1">
      <value id="0" val="&#1055;&#1088;&#1086;&#1082;&#1083;&#1072;&#1076;&#1082;&#1072;"></value>
    </attribute>
    <attribute attr_id="3" attr_type="1" specialattr="4">
      <value id="0" position="39"></value>
    </attribute>
    <attribute attr_id="5" attr_type="2">
      <value id="0" val="2"></value>
    </attribute>
  </item>
  <item id="43">
    <attribute attr_id="2" attr_type="2" specialattr="3">
      <value id="0" val="585-31-8"></value>
    </attribute>
    <attribute attr_id="0" attr_type="2" specialattr="1">
      <value id="0" val="&#1050;&#1086;&#1083;&#1100;&#1094;&#1086; &#1091;&#1087;&#1083;&#1086;&#1090;&#1085;&#1080;&#1090;&#1077;&#1083;&#1100;&#1085;&#1086;&#1077;"></value>
    </attribute>
    <attribute attr_id="6" attr_type="2">
      <value id="0" val="&#1056;&#1077;&#1079;&#1080;&#1085;&#1072; 310"></value>
    </attribute>
    <attribute attr_id="3" attr_type="1" specialattr="4">
      <value id="0" position="19"></value>
    </attribute>
    <attribute attr_id="5" attr_type="2">
      <value id="0" val="2"></value>
    </attribute>
    <attribute attr_id="7" attr_type="2">
      <value id="0" val="0,0034"></value>
    </attribute>
  </item>
</catalogue_data>
