<catalogue_data maxid="22">
  <item id="2">
    <attribute attr_id="0" attr_type="2" specialattr="1">
      <value id="0" val="&#1041;&#1086;&#1083;&#1090; &#1052;8-6gx40.46.029 &#1043;&#1054;&#1057;&#1058; 7795-70"></value>
    </attribute>
    <attribute attr_id="3" attr_type="1" specialattr="4">
      <value id="0" position="8"></value>
    </attribute>
    <attribute attr_id="5" attr_type="2">
      <value id="0" val="10"></value>
    </attribute>
  </item>
  <item id="3">
    <attribute attr_id="0" attr_type="2" specialattr="1">
      <value id="0" val="&#1064;&#1072;&#1081;&#1073;&#1072; 8T.65&#1043;.06 &#1043;&#1054;&#1057;&#1058; 6402-73"></value>
    </attribute>
    <attribute attr_id="3" attr_type="1" specialattr="4">
      <value id="0" position="7"></value>
    </attribute>
    <attribute attr_id="5" attr_type="2">
      <value id="0" val="10"></value>
    </attribute>
  </item>
  <item id="4">
    <attribute attr_id="0" attr_type="2" specialattr="1">
      <value id="0" val="&#1064;&#1072;&#1081;&#1073;&#1072; 10.01.0118 &#1080;&#1083;&#1080; 10.02.0118 &#1043;&#1054;&#1057;&#1058; 11371"></value>
    </attribute>
    <attribute attr_id="3" attr_type="1" specialattr="4">
      <value id="0" position="10"></value>
    </attribute>
    <attribute attr_id="5" attr_type="2">
      <value id="0" val="36"></value>
    </attribute>
  </item>
  <item id="5">
    <attribute attr_id="0" attr_type="2" specialattr="1">
      <value id="0" val="&#1064;&#1072;&#1081;&#1073;&#1072; 10.&#1054;&#1058;.65&#1043;.06  &#1043;&#1054;&#1057;&#1058; 6402-73"></value>
    </attribute>
    <attribute attr_id="3" attr_type="1" specialattr="4">
      <value id="0" position="11"></value>
    </attribute>
    <attribute attr_id="5" attr_type="2">
      <value id="0" val="36"></value>
    </attribute>
  </item>
  <item id="6">
    <attribute attr_id="0" attr_type="2" specialattr="1">
      <value id="0" val="&#1041;&#1086;&#1083;&#1090; &#1052;10-6g&#1093;35.88.38&#1061;&#1057;.029 &#1043;&#1054;&#1057;&#1058; 7796-70"></value>
    </attribute>
    <attribute attr_id="3" attr_type="1" specialattr="4">
      <value id="0" position="9"></value>
    </attribute>
    <attribute attr_id="5" attr_type="2">
      <value id="0" val="36"></value>
    </attribute>
  </item>
  <item id="7">
    <attribute attr_id="0" attr_type="2" specialattr="1">
      <value id="0" val="&#1064;&#1072;&#1081;&#1073;&#1072; 8.01.0118 &#1080;&#1083;&#1080; 8.02.0118 &#1043;&#1054;&#1057;&#1058; 11371-78"></value>
    </attribute>
    <attribute attr_id="3" attr_type="1" specialattr="4">
      <value id="0" position="15"></value>
    </attribute>
    <attribute attr_id="5" attr_type="2">
      <value id="0" val="4"></value>
    </attribute>
  </item>
  <item id="8">
    <attribute attr_id="0" attr_type="2" specialattr="1">
      <value id="0" val="&#1064;&#1087;&#1083;&#1080;&#1085;&#1090; 2,5&#1093;16.0118 &#1043;&#1054;&#1057;&#1058; 397-79"></value>
    </attribute>
    <attribute attr_id="3" attr_type="1" specialattr="4">
      <value id="0" position="16"></value>
    </attribute>
    <attribute attr_id="5" attr_type="2">
      <value id="0" val="4"></value>
    </attribute>
  </item>
  <item id="10">
    <attribute attr_id="2" attr_type="2" specialattr="3">
      <value id="0" val="585-27-119"></value>
    </attribute>
    <attribute attr_id="0" attr_type="2" specialattr="1">
      <value id="0" val="&#1055;&#1088;&#1086;&#1082;&#1083;&#1072;&#1076;&#1082;&#1072;"></value>
    </attribute>
    <attribute attr_id="6" attr_type="2">
      <value id="0" val="&#1055;&#1072;&#1088;&#1086;&#1085;&#1080;&#1090; &#1055;&#1054;&#1053;-&#1041;2,0"></value>
    </attribute>
    <attribute attr_id="3" attr_type="1" specialattr="4">
      <value id="0" position="14"></value>
    </attribute>
    <attribute attr_id="7" attr_type="2">
      <value id="0" val="0,2"></value>
    </attribute>
    <attribute attr_id="5" attr_type="2">
      <value id="0" val="2"></value>
    </attribute>
  </item>
  <item id="11">
    <attribute attr_id="2" attr_type="2" specialattr="3">
      <value id="0" val="585-27-129"></value>
    </attribute>
    <attribute attr_id="0" attr_type="2" specialattr="1">
      <value id="0" val="&#1054;&#1089;&#1100;"></value>
    </attribute>
    <attribute attr_id="3" attr_type="1" specialattr="4">
      <value id="0" position="18"></value>
    </attribute>
    <attribute attr_id="5" attr_type="2">
      <value id="0" val="2"></value>
    </attribute>
  </item>
  <item id="12">
    <attribute attr_id="2" attr_type="2" specialattr="3">
      <value id="0" val="585-27-133"></value>
    </attribute>
    <attribute attr_id="0" attr_type="2" specialattr="1">
      <value id="0" val="&#1050;&#1086;&#1083;&#1100;&#1094;&#1086;"></value>
    </attribute>
    <attribute attr_id="6" attr_type="2">
      <value id="0" val="&#1040;&#1051; 9&#1052;"></value>
    </attribute>
    <attribute attr_id="3" attr_type="1" specialattr="4">
      <value id="0" position="5"></value>
    </attribute>
    <attribute attr_id="7" attr_type="2">
      <value id="0" val="0,48"></value>
    </attribute>
    <attribute attr_id="5" attr_type="2">
      <value id="0" val="4"></value>
    </attribute>
  </item>
  <item id="13">
    <attribute attr_id="2" attr_type="2" specialattr="3">
      <value id="0" val="585-27-134"></value>
    </attribute>
    <attribute attr_id="0" attr_type="2" specialattr="1">
      <value id="0" val="&#1055;&#1088;&#1086;&#1082;&#1083;&#1072;&#1076;&#1082;&#1072;"></value>
    </attribute>
    <attribute attr_id="6" attr_type="2">
      <value id="0" val="&#1055;&#1072;&#1088;&#1086;&#1085;&#1080;&#1090; &#1055;&#1054;&#1053;-&#1041;1,0"></value>
    </attribute>
    <attribute attr_id="3" attr_type="1" specialattr="4">
      <value id="0" position="6"></value>
    </attribute>
    <attribute attr_id="7" attr_type="2">
      <value id="0" val="0,01"></value>
    </attribute>
    <attribute attr_id="5" attr_type="2">
      <value id="0" val="2"></value>
    </attribute>
  </item>
  <item id="14">
    <attribute attr_id="2" attr_type="2" specialattr="3">
      <value id="0" val="585-27-&#1089;&#1073;309"></value>
    </attribute>
    <attribute attr_id="0" attr_type="2" specialattr="1">
      <value id="0" val="&#1044;&#1074;&#1080;&#1078;&#1080;&#1090;&#1077;&#1083;&#1100; &#1074;&#1086;&#1076;&#1086;&#1084;&#1077;&#1090;&#1085;&#1099;&#1081; &#1083;&#1077;&#1074;&#1099;&#1081;"></value>
    </attribute>
    <attribute attr_id="3" attr_type="1" specialattr="4">
      <value id="0" position="19"></value>
    </attribute>
    <attribute attr_id="7" attr_type="2">
      <value id="0" val="46,76"></value>
    </attribute>
    <attribute attr_id="5" attr_type="2">
      <value id="0" val="1"></value>
    </attribute>
  </item>
  <item id="15">
    <attribute attr_id="2" attr_type="2" specialattr="3">
      <value id="0" val="585-27-&#1089;&#1073;309-01"></value>
    </attribute>
    <attribute attr_id="0" attr_type="2" specialattr="1">
      <value id="0" val="&#1044;&#1074;&#1080;&#1078;&#1080;&#1090;&#1077;&#1083;&#1100; &#1074;&#1086;&#1076;&#1086;&#1084;&#1077;&#1090;&#1085;&#1099;&#1081; &#1087;&#1088;&#1072;&#1074;&#1099;&#1081;"></value>
    </attribute>
    <attribute attr_id="3" attr_type="1" specialattr="4">
      <value id="0" position="1"></value>
    </attribute>
    <attribute attr_id="7" attr_type="2">
      <value id="0" val="46,76"></value>
    </attribute>
    <attribute attr_id="5" attr_type="2">
      <value id="0" val="1"></value>
    </attribute>
  </item>
  <item id="16">
    <attribute attr_id="2" attr_type="2" specialattr="3">
      <value id="0" val="585-27-&#1089;&#1073;310"></value>
    </attribute>
    <attribute attr_id="0" attr_type="2" specialattr="1">
      <value id="0" val="&#1055;&#1072;&#1090;&#1088;&#1091;&#1073;&#1086;&#1082; &#1074;&#1099;&#1093;&#1086;&#1076;&#1085;&#1086;&#1081;"></value>
    </attribute>
    <attribute attr_id="3" attr_type="1" specialattr="4">
      <value id="0" position="3"></value>
    </attribute>
    <attribute attr_id="7" attr_type="2">
      <value id="0" val="2,8"></value>
    </attribute>
    <attribute attr_id="5" attr_type="2">
      <value id="0" val="2"></value>
    </attribute>
  </item>
  <item id="17">
    <attribute attr_id="2" attr_type="2" specialattr="3">
      <value id="0" val="585-27-&#1089;&#1073;312"></value>
    </attribute>
    <attribute attr_id="0" attr_type="2" specialattr="1">
      <value id="0" val="&#1056;&#1077;&#1096;&#1077;&#1090;&#1082;&#1072;"></value>
    </attribute>
    <attribute attr_id="3" attr_type="1" specialattr="4">
      <value id="0" position="13"></value>
    </attribute>
    <attribute attr_id="7" attr_type="2">
      <value id="0" val="1,365"></value>
    </attribute>
    <attribute attr_id="5" attr_type="2">
      <value id="0" val="2"></value>
    </attribute>
  </item>
  <item id="18">
    <attribute attr_id="2" attr_type="2" specialattr="3">
      <value id="0" val="585-27-&#1089;&#1073;313"></value>
    </attribute>
    <attribute attr_id="0" attr_type="2" specialattr="1">
      <value id="0" val="&#1060;&#1083;&#1102;&#1075;&#1077;&#1088;"></value>
    </attribute>
    <attribute attr_id="3" attr_type="1" specialattr="4">
      <value id="0" position="17"></value>
    </attribute>
    <attribute attr_id="7" attr_type="2">
      <value id="0" val="0,518"></value>
    </attribute>
    <attribute attr_id="5" attr_type="2">
      <value id="0" val="2"></value>
    </attribute>
  </item>
  <item id="19">
    <attribute attr_id="2" attr_type="2" specialattr="3">
      <value id="0" val="585-27-&#1089;&#1073;315"></value>
    </attribute>
    <attribute attr_id="0" attr_type="2" specialattr="1">
      <value id="0" val="&#1047;&#1072;&#1089;&#1083;&#1086;&#1085;&#1082;&#1072;"></value>
    </attribute>
    <attribute attr_id="3" attr_type="1" specialattr="4">
      <value id="0" position="12"></value>
    </attribute>
    <attribute attr_id="7" attr_type="2">
      <value id="0" val="1,77"></value>
    </attribute>
    <attribute attr_id="5" attr_type="2">
      <value id="0" val="2"></value>
    </attribute>
  </item>
  <item id="20">
    <attribute attr_id="2" attr_type="2" specialattr="3">
      <value id="0" val="585-212-619"></value>
    </attribute>
    <attribute attr_id="0" attr_type="2" specialattr="1">
      <value id="0" val="&#1050;&#1086;&#1083;&#1100;&#1094;&#1086; &#1091;&#1087;&#1083;&#1086;&#1090;&#1085;&#1080;&#1090;&#1077;&#1083;&#1100;&#1085;&#1086;&#1077;"></value>
    </attribute>
    <attribute attr_id="6" attr_type="2">
      <value id="0" val="&#1056;&#1077;&#1079;&#1080;&#1085;&#1072; 640"></value>
    </attribute>
    <attribute attr_id="3" attr_type="1" specialattr="4">
      <value id="0" position="2"></value>
    </attribute>
    <attribute attr_id="7" attr_type="2">
      <value id="0" val="0,006"></value>
    </attribute>
    <attribute attr_id="5" attr_type="2">
      <value id="0" val="2"></value>
    </attribute>
  </item>
  <item id="21">
    <attribute attr_id="2" attr_type="2" specialattr="3">
      <value id="0" val="585-12-519"></value>
    </attribute>
    <attribute attr_id="0" attr_type="2" specialattr="1">
      <value id="0" val="&#1050;&#1086;&#1083;&#1100;&#1094;&#1086; &#1091;&#1087;&#1083;&#1086;&#1090;&#1085;&#1080;&#1090;&#1077;&#1083;&#1100;&#1085;&#1086;&#1077;"></value>
    </attribute>
    <attribute attr_id="6" attr_type="2">
      <value id="0" val="&#1056;&#1077;&#1079;&#1080;&#1085;&#1072; &#1042;-14"></value>
    </attribute>
    <attribute attr_id="3" attr_type="1" specialattr="4">
      <value id="0" position="4"></value>
    </attribute>
    <attribute attr_id="7" attr_type="2">
      <value id="0" val="0,008"></value>
    </attribute>
    <attribute attr_id="5" attr_type="2">
      <value id="0" val="2"></value>
    </attribute>
  </item>
</catalogue_data>
