<catalogue_data maxid="16">
  <item id="2">
    <attribute attr_id="0" attr_type="2" specialattr="1">
      <value id="0" val="&#1050;&#1086;&#1083;&#1100;&#1094;&#1086; &#1042;14.0118 &#1043;&#1054;&#1057;&#1058; 13940-86"></value>
    </attribute>
    <attribute attr_id="3" attr_type="1" specialattr="4">
      <value id="0" position="10"></value>
    </attribute>
  </item>
  <item id="3">
    <attribute attr_id="0" attr_type="2" specialattr="1">
      <value id="0" val="40&#1059;12-13 &#1058;&#1059; 0052016-87 L=460&#1084;&#1084;"></value>
    </attribute>
    <attribute attr_id="3" attr_type="1" specialattr="4">
      <value id="0" position="2"></value>
    </attribute>
  </item>
  <item id="4">
    <attribute attr_id="2" attr_type="2" specialattr="3">
      <value id="0" val="585-31-26-03"></value>
    </attribute>
    <attribute attr_id="0" attr_type="2" specialattr="1">
      <value id="0" val="&#1055;&#1088;&#1086;&#1082;&#1083;&#1072;&#1076;&#1082;&#1072;"></value>
    </attribute>
    <attribute attr_id="6" attr_type="2">
      <value id="0" val="&#1057;&#1090;&#1072;&#1083;&#1100; 08&#1082;&#1087;"></value>
    </attribute>
    <attribute attr_id="3" attr_type="1" specialattr="4">
      <value id="0" position="14"></value>
    </attribute>
    <attribute attr_id="7" attr_type="2">
      <value id="0" val="0,028"></value>
    </attribute>
  </item>
  <item id="5">
    <attribute attr_id="2" attr_type="2" specialattr="3">
      <value id="0" val="585-37-29"></value>
    </attribute>
    <attribute attr_id="0" attr_type="2" specialattr="1">
      <value id="0" val="&#1055;&#1088;&#1086;&#1073;&#1082;&#1072;"></value>
    </attribute>
    <attribute attr_id="6" attr_type="2">
      <value id="0" val="&#1057;&#1090;&#1072;&#1083;&#1100; 40"></value>
    </attribute>
    <attribute attr_id="3" attr_type="1" specialattr="4">
      <value id="0" position="7"></value>
    </attribute>
    <attribute attr_id="7" attr_type="2">
      <value id="0" val="0,005"></value>
    </attribute>
  </item>
  <item id="6">
    <attribute attr_id="2" attr_type="2" specialattr="3">
      <value id="0" val="585-54-&#1089;&#1073;2-02"></value>
    </attribute>
    <attribute attr_id="0" attr_type="2" specialattr="1">
      <value id="0" val="&#1061;&#1086;&#1084;&#1091;&#1090; &#1091;&#1085;&#1080;&#1074;&#1077;&#1088;&#1089;&#1072;&#1083;&#1100;&#1085;&#1099;&#1081;"></value>
    </attribute>
    <attribute attr_id="3" attr_type="1" specialattr="4">
      <value id="0" position="3"></value>
    </attribute>
    <attribute attr_id="7" attr_type="2">
      <value id="0" val="0,046"></value>
    </attribute>
  </item>
  <item id="7">
    <attribute attr_id="2" attr_type="2" specialattr="3">
      <value id="0" val="585-27-146"></value>
    </attribute>
    <attribute attr_id="0" attr_type="2" specialattr="1">
      <value id="0" val="&#1043;&#1072;&#1081;&#1082;&#1072;"></value>
    </attribute>
    <attribute attr_id="6" attr_type="2">
      <value id="0" val="&#1057;&#1090;&#1072;&#1083;&#1100; 45"></value>
    </attribute>
    <attribute attr_id="3" attr_type="1" specialattr="4">
      <value id="0" position="12"></value>
    </attribute>
    <attribute attr_id="7" attr_type="2">
      <value id="0" val="0,1"></value>
    </attribute>
  </item>
  <item id="8">
    <attribute attr_id="2" attr_type="2" specialattr="3">
      <value id="0" val="585-27-147"></value>
    </attribute>
    <attribute attr_id="0" attr_type="2" specialattr="1">
      <value id="0" val="&#1050;&#1083;&#1072;&#1087;&#1072;&#1085;"></value>
    </attribute>
    <attribute attr_id="6" attr_type="2">
      <value id="0" val="&#1057;&#1090;&#1072;&#1083;&#1100; 38&#1061;&#1057;"></value>
    </attribute>
    <attribute attr_id="3" attr_type="1" specialattr="4">
      <value id="0" position="8"></value>
    </attribute>
    <attribute attr_id="7" attr_type="2">
      <value id="0" val="0,02"></value>
    </attribute>
  </item>
  <item id="9">
    <attribute attr_id="2" attr_type="2" specialattr="3">
      <value id="0" val="585-27-149"></value>
    </attribute>
    <attribute attr_id="0" attr_type="2" specialattr="1">
      <value id="0" val="&#1064;&#1090;&#1091;&#1094;&#1077;&#1088;"></value>
    </attribute>
    <attribute attr_id="6" attr_type="2">
      <value id="0" val="&#1057;&#1090;&#1072;&#1083;&#1100; &#1042;10"></value>
    </attribute>
    <attribute attr_id="3" attr_type="1" specialattr="4">
      <value id="0" position="6"></value>
    </attribute>
    <attribute attr_id="7" attr_type="2">
      <value id="0" val="0,09"></value>
    </attribute>
  </item>
  <item id="10">
    <attribute attr_id="2" attr_type="2" specialattr="3">
      <value id="0" val="585-27-150"></value>
    </attribute>
    <attribute attr_id="0" attr_type="2" specialattr="1">
      <value id="0" val="&#1064;&#1090;&#1091;&#1094;&#1077;&#1088;"></value>
    </attribute>
    <attribute attr_id="6" attr_type="2">
      <value id="0" val="&#1057;&#1090;&#1072;&#1083;&#1100; 20"></value>
    </attribute>
    <attribute attr_id="3" attr_type="1" specialattr="4">
      <value id="0" position="5"></value>
    </attribute>
    <attribute attr_id="7" attr_type="2">
      <value id="0" val="0,07"></value>
    </attribute>
  </item>
  <item id="11">
    <attribute attr_id="2" attr_type="2" specialattr="3">
      <value id="0" val="585-27-151"></value>
    </attribute>
    <attribute attr_id="0" attr_type="2" specialattr="1">
      <value id="0" val="&#1064;&#1072;&#1081;&#1073;&#1072;"></value>
    </attribute>
    <attribute attr_id="6" attr_type="2">
      <value id="0" val="&#1057;&#1090;&#1072;&#1083;&#1100; 65&#1043;"></value>
    </attribute>
    <attribute attr_id="3" attr_type="1" specialattr="4">
      <value id="0" position="4"></value>
    </attribute>
    <attribute attr_id="7" attr_type="2">
      <value id="0" val="0,004"></value>
    </attribute>
  </item>
  <item id="12">
    <attribute attr_id="2" attr_type="2" specialattr="3">
      <value id="0" val="585-27-34"></value>
    </attribute>
    <attribute attr_id="0" attr_type="2" specialattr="1">
      <value id="0" val="&#1055;&#1088;&#1086;&#1082;&#1083;&#1072;&#1076;&#1082;&#1072;"></value>
    </attribute>
    <attribute attr_id="6" attr_type="2">
      <value id="0" val="&#1057;&#1084;&#1077;&#1089;&#1100; &#1088;&#1077;&#1079;&#1080;&#1085;&#1086;&#1074;&#1072;&#1103;"></value>
    </attribute>
    <attribute attr_id="3" attr_type="1" specialattr="4">
      <value id="0" position="11"></value>
    </attribute>
    <attribute attr_id="7" attr_type="2">
      <value id="0" val="0,004"></value>
    </attribute>
  </item>
  <item id="13">
    <attribute attr_id="2" attr_type="2" specialattr="3">
      <value id="0" val="585-27-&#1089;&#1073;322"></value>
    </attribute>
    <attribute attr_id="0" attr_type="2" specialattr="1">
      <value id="0" val="&#1065;&#1091;&#1087;"></value>
    </attribute>
    <attribute attr_id="3" attr_type="1" specialattr="4">
      <value id="0" position="1"></value>
    </attribute>
    <attribute attr_id="7" attr_type="2">
      <value id="0" val="0,082"></value>
    </attribute>
  </item>
  <item id="14">
    <attribute attr_id="2" attr_type="2" specialattr="3">
      <value id="0" val="585-66-204"></value>
    </attribute>
    <attribute attr_id="0" attr_type="2" specialattr="1">
      <value id="0" val="&#1050;&#1086;&#1083;&#1100;&#1094;&#1086;"></value>
    </attribute>
    <attribute attr_id="6" attr_type="2">
      <value id="0" val="&#1056;&#1077;&#1079;&#1080;&#1085;&#1072; &#1042;-14"></value>
    </attribute>
    <attribute attr_id="3" attr_type="1" specialattr="4">
      <value id="0" position="9"></value>
    </attribute>
    <attribute attr_id="7" attr_type="2">
      <value id="0" val="0,0035"></value>
    </attribute>
  </item>
  <item id="15">
    <attribute attr_id="2" attr_type="2" specialattr="3">
      <value id="0" val="&#1050;&#1083;&#1042;-05-101"></value>
    </attribute>
    <attribute attr_id="0" attr_type="2" specialattr="1">
      <value id="0" val="&#1055;&#1088;&#1091;&#1078;&#1080;&#1085;&#1072;"></value>
    </attribute>
    <attribute attr_id="6" attr_type="2">
      <value id="0" val="&#1055;&#1088;&#1086;&#1074;&#1086;&#1083;&#1086;&#1082;&#1072; II-2,5"></value>
    </attribute>
    <attribute attr_id="3" attr_type="1" specialattr="4">
      <value id="0" position="13"></value>
    </attribute>
    <attribute attr_id="7" attr_type="2">
      <value id="0" val="0,015"></value>
    </attribute>
  </item>
</catalogue_data>
