<catalogue_structure id="0" printcards="0">
  <item id="13" name="&#1065;&#1091;&#1087;" specprn="" speccode="585-27-&#1089;&#1073;322"></item>
  <item id="3" name="40&#1059;12-13 &#1058;&#1059; 0052016-87 L=460&#1084;&#1084;" specprn="" speccode=""></item>
  <item id="6" name="&#1061;&#1086;&#1084;&#1091;&#1090; &#1091;&#1085;&#1080;&#1074;&#1077;&#1088;&#1089;&#1072;&#1083;&#1100;&#1085;&#1099;&#1081;" specprn="" speccode="585-54-&#1089;&#1073;2-02"></item>
  <item id="11" name="&#1064;&#1072;&#1081;&#1073;&#1072;" specprn="" speccode="585-27-151"></item>
  <item id="10" name="&#1064;&#1090;&#1091;&#1094;&#1077;&#1088;" specprn="" speccode="585-27-150"></item>
  <item id="9" name="&#1064;&#1090;&#1091;&#1094;&#1077;&#1088;" specprn="" speccode="585-27-149"></item>
  <item id="5" name="&#1055;&#1088;&#1086;&#1073;&#1082;&#1072;" specprn="" speccode="585-37-29"></item>
  <item id="8" name="&#1050;&#1083;&#1072;&#1087;&#1072;&#1085;" specprn="" speccode="585-27-147"></item>
  <item id="14" name="&#1050;&#1086;&#1083;&#1100;&#1094;&#1086;" specprn="" speccode="585-66-204"></item>
  <item id="2" name="&#1050;&#1086;&#1083;&#1100;&#1094;&#1086; &#1042;14.0118 &#1043;&#1054;&#1057;&#1058; 13940-86" specprn="" speccode=""></item>
  <item id="12" name="&#1055;&#1088;&#1086;&#1082;&#1083;&#1072;&#1076;&#1082;&#1072;" specprn="" speccode="585-27-34"></item>
  <item id="7" name="&#1043;&#1072;&#1081;&#1082;&#1072;" specprn="" speccode="585-27-146"></item>
  <item id="15" name="&#1055;&#1088;&#1091;&#1078;&#1080;&#1085;&#1072;" specprn="" speccode="&#1050;&#1083;&#1042;-05-101"></item>
  <item id="4" name="&#1055;&#1088;&#1086;&#1082;&#1083;&#1072;&#1076;&#1082;&#1072;" specprn="" speccode="585-31-26-03"></item>
</catalogue_structure>
