<catalogue_data maxid="31">
  <item id="2">
    <attribute attr_id="0" attr_type="2" specialattr="1">
      <value id="0" val="&#1050;&#1086;&#1083;&#1100;&#1094;&#1086; &#1042;50 &#1061;&#1080;&#1084;.&#1054;&#1082;&#1089;.&#1087;&#1088;&#1084;. &#1043;&#1054;&#1057;&#1058; 13940-86"></value>
    </attribute>
    <attribute attr_id="3" attr_type="1" specialattr="4">
      <value id="0" position="3"></value>
    </attribute>
    <attribute attr_id="5" attr_type="2">
      <value id="0" val="1"></value>
    </attribute>
  </item>
  <item id="3">
    <attribute attr_id="0" attr_type="2" specialattr="1">
      <value id="0" val="&#1055;&#1086;&#1076;&#1096;&#1080;&#1087;&#1085;&#1080;&#1082; 408"></value>
    </attribute>
    <attribute attr_id="3" attr_type="1" specialattr="4">
      <value id="0" position="7"></value>
    </attribute>
    <attribute attr_id="5" attr_type="2">
      <value id="0" val="1"></value>
    </attribute>
  </item>
  <item id="4">
    <attribute attr_id="0" attr_type="2" specialattr="1">
      <value id="0" val="&#1043;&#1072;&#1081;&#1082;&#1072; &#1052;8-6&#1053;.6.029"></value>
    </attribute>
    <attribute attr_id="3" attr_type="1" specialattr="4">
      <value id="0" position="16"></value>
    </attribute>
    <attribute attr_id="5" attr_type="2">
      <value id="0" val="6"></value>
    </attribute>
  </item>
  <item id="16">
    <attribute attr_id="2" attr_type="2" specialattr="3">
      <value id="0" val="585-31-71-01"></value>
    </attribute>
    <attribute attr_id="0" attr_type="2" specialattr="1">
      <value id="0" val="&#1064;&#1072;&#1081;&#1073;&#1072; &#1086;&#1090;&#1075;&#1080;&#1073;&#1085;&#1072;&#1103;"></value>
    </attribute>
    <attribute attr_id="6" attr_type="2">
      <value id="0" val="&#1057;&#1090;&#1072;&#1083;&#1100; 10"></value>
    </attribute>
    <attribute attr_id="3" attr_type="1" specialattr="4">
      <value id="0" position="12"></value>
    </attribute>
    <attribute attr_id="5" attr_type="2">
      <value id="0" val="6"></value>
    </attribute>
    <attribute attr_id="7" attr_type="2">
      <value id="0" val="0,002"></value>
    </attribute>
  </item>
  <item id="17">
    <attribute attr_id="2" attr_type="2" specialattr="3">
      <value id="0" val="585-38-21"></value>
    </attribute>
    <attribute attr_id="0" attr_type="2" specialattr="1">
      <value id="0" val="&#1055;&#1088;&#1091;&#1078;&#1080;&#1085;&#1072;"></value>
    </attribute>
    <attribute attr_id="3" attr_type="1" specialattr="4">
      <value id="0" position="1"></value>
    </attribute>
    <attribute attr_id="5" attr_type="2">
      <value id="0" val="2"></value>
    </attribute>
  </item>
  <item id="18">
    <attribute attr_id="2" attr_type="2" specialattr="3">
      <value id="0" val="585-12-255"></value>
    </attribute>
    <attribute attr_id="0" attr_type="2" specialattr="1">
      <value id="0" val="&#1050;&#1086;&#1083;&#1100;&#1094;&#1086; &#1088;&#1072;&#1079;&#1088;&#1077;&#1079;&#1085;&#1086;&#1077;"></value>
    </attribute>
    <attribute attr_id="6" attr_type="2">
      <value id="0" val="&#1057;&#1090;&#1072;&#1083;&#1100; 45&#1061;"></value>
    </attribute>
    <attribute attr_id="3" attr_type="1" specialattr="4">
      <value id="0" position="11"></value>
    </attribute>
    <attribute attr_id="5" attr_type="2">
      <value id="0" val="1"></value>
    </attribute>
    <attribute attr_id="7" attr_type="2">
      <value id="0" val="0,063"></value>
    </attribute>
  </item>
  <item id="19">
    <attribute attr_id="2" attr_type="2" specialattr="3">
      <value id="0" val="585-27-112"></value>
    </attribute>
    <attribute attr_id="0" attr_type="2" specialattr="1">
      <value id="0" val="&#1050;&#1086;&#1083;&#1077;&#1089;&#1086; &#1087;&#1088;&#1072;&#1074;&#1086;&#1077;"></value>
    </attribute>
    <attribute attr_id="6" attr_type="2">
      <value id="0" val="&#1040;&#1050;94"></value>
    </attribute>
    <attribute attr_id="3" attr_type="1" specialattr="4">
      <value id="0" position="9"></value>
    </attribute>
    <attribute attr_id="5" attr_type="2">
      <value id="0" val="1"></value>
    </attribute>
    <attribute attr_id="7" attr_type="2">
      <value id="0" val="2,8"></value>
    </attribute>
  </item>
  <item id="21">
    <attribute attr_id="2" attr_type="2" specialattr="3">
      <value id="0" val="585-27-113"></value>
    </attribute>
    <attribute attr_id="0" attr_type="2" specialattr="1">
      <value id="0" val="&#1050;&#1088;&#1099;&#1096;&#1082;&#1072;"></value>
    </attribute>
    <attribute attr_id="6" attr_type="2">
      <value id="0" val="&#1057;&#1090;&#1072;&#1083;&#1100; 35&#1051;"></value>
    </attribute>
    <attribute attr_id="3" attr_type="1" specialattr="4">
      <value id="0" position="14"></value>
    </attribute>
    <attribute attr_id="5" attr_type="2">
      <value id="0" val="1"></value>
    </attribute>
    <attribute attr_id="7" attr_type="2">
      <value id="0" val="0,63"></value>
    </attribute>
  </item>
  <item id="22">
    <attribute attr_id="2" attr_type="2" specialattr="3">
      <value id="0" val="585-27-114"></value>
    </attribute>
    <attribute attr_id="0" attr_type="2" specialattr="1">
      <value id="0" val="&#1042;&#1072;&#1083;"></value>
    </attribute>
    <attribute attr_id="6" attr_type="2">
      <value id="0" val="&#1057;&#1090;&#1072;&#1083;&#1100; 45&#1061;"></value>
    </attribute>
    <attribute attr_id="3" attr_type="1" specialattr="4">
      <value id="0" position="15"></value>
    </attribute>
    <attribute attr_id="5" attr_type="2">
      <value id="0" val="1"></value>
    </attribute>
    <attribute attr_id="7" attr_type="2">
      <value id="0" val="4,9"></value>
    </attribute>
  </item>
  <item id="23">
    <attribute attr_id="2" attr_type="2" specialattr="3">
      <value id="0" val="585-27-115"></value>
    </attribute>
    <attribute attr_id="0" attr_type="2" specialattr="1">
      <value id="0" val="&#1057;&#1086;&#1087;&#1083;&#1086; &#1087;&#1088;&#1072;&#1074;&#1086;&#1077;"></value>
    </attribute>
    <attribute attr_id="6" attr_type="2">
      <value id="0" val="&#1040;&#1050;94"></value>
    </attribute>
    <attribute attr_id="3" attr_type="1" specialattr="4">
      <value id="0" position="4"></value>
    </attribute>
    <attribute attr_id="5" attr_type="2">
      <value id="0" val="1"></value>
    </attribute>
    <attribute attr_id="7" attr_type="2">
      <value id="0" val="5,5"></value>
    </attribute>
  </item>
  <item id="25">
    <attribute attr_id="2" attr_type="2" specialattr="3">
      <value id="0" val="585-27-116"></value>
    </attribute>
    <attribute attr_id="0" attr_type="2" specialattr="1">
      <value id="0" val="&#1055;&#1088;&#1086;&#1082;&#1083;&#1072;&#1076;&#1082;&#1072;"></value>
    </attribute>
    <attribute attr_id="6" attr_type="2">
      <value id="0" val="&#1050;&#1072;&#1088;&#1090;&#1086;&#1085; &#1087;&#1088;&#1086;&#1082;&#1083;&#1072;&#1076;&#1086;&#1095;&#1085;&#1099;&#1081;"></value>
    </attribute>
    <attribute attr_id="3" attr_type="1" specialattr="4">
      <value id="0" position="13"></value>
    </attribute>
    <attribute attr_id="5" attr_type="2">
      <value id="0" val="1"></value>
    </attribute>
    <attribute attr_id="7" attr_type="2">
      <value id="0" val="0,005"></value>
    </attribute>
  </item>
  <item id="26">
    <attribute attr_id="2" attr_type="2" specialattr="3">
      <value id="0" val="585-34-&#1089;&#1073;6"></value>
    </attribute>
    <attribute attr_id="0" attr_type="2" specialattr="1">
      <value id="0" val="&#1052;&#1072;&#1085;&#1078;&#1077;&#1090;&#1072;"></value>
    </attribute>
    <attribute attr_id="3" attr_type="1" specialattr="4">
      <value id="0" position="2"></value>
    </attribute>
    <attribute attr_id="5" attr_type="2">
      <value id="0" val="2"></value>
    </attribute>
    <attribute attr_id="7" attr_type="2">
      <value id="0" val="0,035"></value>
    </attribute>
  </item>
  <item id="27">
    <attribute attr_id="2" attr_type="2" specialattr="3">
      <value id="0" val="585-29-525"></value>
    </attribute>
    <attribute attr_id="0" attr_type="2" specialattr="1">
      <value id="0" val="&#1064;&#1087;&#1080;&#1083;&#1100;&#1082;&#1072;"></value>
    </attribute>
    <attribute attr_id="6" attr_type="2">
      <value id="0" val="&#1057;&#1090;&#1072;&#1083;&#1100; 38&#1061;&#1040;"></value>
    </attribute>
    <attribute attr_id="3" attr_type="1" specialattr="4">
      <value id="0" position="10"></value>
    </attribute>
    <attribute attr_id="5" attr_type="2">
      <value id="0" val="6"></value>
    </attribute>
    <attribute attr_id="7" attr_type="2">
      <value id="0" val="0,015"></value>
    </attribute>
  </item>
  <item id="28">
    <attribute attr_id="2" attr_type="2" specialattr="3">
      <value id="0" val="585-12-275"></value>
    </attribute>
    <attribute attr_id="0" attr_type="2" specialattr="1">
      <value id="0" val="&#1050;&#1086;&#1083;&#1100;&#1094;&#1086; &#1079;&#1072;&#1084;&#1082;&#1086;&#1074;&#1086;&#1077;"></value>
    </attribute>
    <attribute attr_id="6" attr_type="2">
      <value id="0" val="&#1057;&#1090;&#1072;&#1083;&#1100; &#1042;30"></value>
    </attribute>
    <attribute attr_id="3" attr_type="1" specialattr="4">
      <value id="0" position="5"></value>
    </attribute>
    <attribute attr_id="5" attr_type="2">
      <value id="0" val="1"></value>
    </attribute>
    <attribute attr_id="7" attr_type="2">
      <value id="0" val="0,04"></value>
    </attribute>
  </item>
  <item id="29">
    <attribute attr_id="2" attr_type="2" specialattr="3">
      <value id="0" val="585-12-72"></value>
    </attribute>
    <attribute attr_id="0" attr_type="2" specialattr="1">
      <value id="0" val="&#1050;&#1086;&#1083;&#1100;&#1094;&#1086; &#1088;&#1072;&#1079;&#1088;&#1077;&#1079;&#1085;&#1086;&#1077;"></value>
    </attribute>
    <attribute attr_id="6" attr_type="2">
      <value id="0" val="&#1057;&#1090;&#1072;&#1083;&#1100; 45&#1061;"></value>
    </attribute>
    <attribute attr_id="3" attr_type="1" specialattr="4">
      <value id="0" position="6"></value>
    </attribute>
    <attribute attr_id="5" attr_type="2">
      <value id="0" val="1"></value>
    </attribute>
    <attribute attr_id="7" attr_type="2">
      <value id="0" val="0,03"></value>
    </attribute>
  </item>
  <item id="30">
    <attribute attr_id="2" attr_type="2" specialattr="3">
      <value id="0" val="585-12-73"></value>
    </attribute>
    <attribute attr_id="0" attr_type="2" specialattr="1">
      <value id="0" val="&#1050;&#1086;&#1083;&#1100;&#1094;&#1086; &#1079;&#1072;&#1084;&#1082;&#1086;&#1074;&#1086;&#1077;"></value>
    </attribute>
    <attribute attr_id="6" attr_type="2">
      <value id="0" val="&#1057;&#1090;&#1072;&#1083;&#1100; 45"></value>
    </attribute>
    <attribute attr_id="3" attr_type="1" specialattr="4">
      <value id="0" position="8"></value>
    </attribute>
    <attribute attr_id="5" attr_type="2">
      <value id="0" val="1"></value>
    </attribute>
    <attribute attr_id="7" attr_type="2">
      <value id="0" val="0,012"></value>
    </attribute>
  </item>
</catalogue_data>
