<catalogue_data maxid="6">
  <item id="2">
    <attribute attr_id="0" attr_type="2" specialattr="1">
      <value id="0" val="&#1064;&#1072;&#1088;&#1080;&#1082; 8-200 &#1045;&#1058;&#1059; 500"></value>
    </attribute>
    <attribute attr_id="3" attr_type="1" specialattr="4">
      <value id="0" position="2"></value>
    </attribute>
    <attribute attr_id="5" attr_type="2">
      <value id="0" val="2"></value>
    </attribute>
  </item>
  <item id="3">
    <attribute attr_id="2" attr_type="2" specialattr="3">
      <value id="0" val="369.70.963"></value>
    </attribute>
    <attribute attr_id="0" attr_type="2" specialattr="1">
      <value id="0" val="&#1054;&#1087;&#1086;&#1088;&#1072;"></value>
    </attribute>
    <attribute attr_id="6" attr_type="2">
      <value id="0" val="&#1057;&#1090;&#1072;&#1083;&#1100; 45&#1061;&#1057;"></value>
    </attribute>
    <attribute attr_id="3" attr_type="1" specialattr="4">
      <value id="0" position="1"></value>
    </attribute>
    <attribute attr_id="5" attr_type="2">
      <value id="0" val="1"></value>
    </attribute>
    <attribute attr_id="7" attr_type="2">
      <value id="0" val="0,85"></value>
    </attribute>
  </item>
  <item id="4">
    <attribute attr_id="2" attr_type="2" specialattr="3">
      <value id="0" val="369-38-1766"></value>
    </attribute>
    <attribute attr_id="0" attr_type="2" specialattr="1">
      <value id="0" val="&#1055;&#1088;&#1091;&#1078;&#1080;&#1085;&#1072;"></value>
    </attribute>
    <attribute attr_id="6" attr_type="2">
      <value id="0" val="&#1055;&#1088;&#1086;&#1074;&#1086;&#1083;&#1086;&#1082;&#1072; &#1041;-2-1,2"></value>
    </attribute>
    <attribute attr_id="3" attr_type="1" specialattr="4">
      <value id="0" position="3"></value>
    </attribute>
    <attribute attr_id="5" attr_type="2">
      <value id="0" val="2"></value>
    </attribute>
    <attribute attr_id="7" attr_type="2">
      <value id="0" val="0,002"></value>
    </attribute>
  </item>
  <item id="5">
    <attribute attr_id="2" attr_type="2" specialattr="3">
      <value id="0" val="&#1050;25541-61-6195"></value>
    </attribute>
    <attribute attr_id="0" attr_type="2" specialattr="1">
      <value id="0" val="&#1055;&#1088;&#1086;&#1073;&#1082;&#1072; &#1092;&#1080;&#1082;&#1089;&#1072;&#1090;&#1086;&#1088;&#1072;"></value>
    </attribute>
    <attribute attr_id="3" attr_type="1" specialattr="4">
      <value id="0" position="4"></value>
    </attribute>
    <attribute attr_id="5" attr_type="2">
      <value id="0" val="2"></value>
    </attribute>
  </item>
</catalogue_data>
